first_generation,underrepresented,avg_sleep_hours,daytime_sleep_minutes,sleep_midpoint_minutes,bedtime_variability,nights_tracked_fraction,prior_gpa,term_gpa,gpa_change,term_load_z,under_6h_sleep,gpa_category,sleep_bracket_encoded,gpa_category_encoded,gender_Male,university_University of Notre Dame,university_University of Washington
0.0,0.0,-0.535676156801099,-1.7049275610831198,1.513907520979736,-0.5670731087631947,0.3546332299824975,1.3384603931802963,3.76,-0.554050192464906,0.1238173606599698,0,Alto,3,1,0,0,0
0.0,0.0,0.1857504399262324,0.5960454433324532,-0.5491453215817397,-0.5733102777340071,-0.03068718395984828,1.3384603931802963,3.55,-1.0731575790291077,0.1238173606599698,0,Baixo,4,0,0,0,0
0.0,1.0,-2.8300492677044136,2.6974347699258847,0.01790116284389299,-0.2863694396145877,-1.5719688397292302,-1.2536575567357595,3.59,1.4976599544317,-0.7633810490976601,1,Alto,1,1,0,0,0
0.0,0.0,0.28036376408719393,-0.44512092297689815,1.9798526942287056,0.8798400730708275,0.3546332299824975,0.8200368031970847,3.46,-0.801244186066907,-2.2515448621129024,0,Baixo,4,0,0,0,0
0.0,1.0,0.20940377096647228,1.1928270651452282,-0.6297333232442972,-0.3101250205227216,0.3546332299824975,-0.8129975052500303,3.5,0.8549555710664982,-2.2515448621129024,0,Baixo,4,0,0,0,0
1.0,1.0,-0.9969161120857857,1.3353542023734122,2.1146544424642557,1.2815303810538117,-0.8013280118445393,-2.246438731553609,2.54,0.459445181303297,0.1238173606599698,1,Baixo,2,0,1,0,0
0.0,0.0,-1.127009432807108,0.3414601814666435,1.3996190822582903,0.6222561355296338,-0.6058756279607407,-0.21681037676933745,3.5,0.2864093857818964,-1.0595268869916177,1,Baixo,2,0,1,0,0
0.0,1.0,0.3394970916877946,0.15995307911649706,1.03037951100439,0.23509130528420252,0.3546332299824975,-2.246438731553609,2.49,-0.2821367995027053,-0.17232847723398767,0,Baixo,4,0,1,0,0
0.0,0.0,-0.32279617743893607,0.012999592562151899,0.7300060502621298,-0.261658526688532,0.5500856138662955,-1.7980023262181313,3.37,1.4729405550715,0.1238173606599698,0,Baixo,3,0,1,0,0
0.0,0.0,0.6469903952109191,-0.9171734723888196,1.094849912334436,0.24782616838828925,-0.22055521401839548,1.3384603931802963,3.61,-0.9248411828679073,-0.46847431512794513,0,Alto,5,1,0,0,0
0.0,0.0,-0.7840361327236227,0.04527563056282711,0.505824882000833,-0.42323240969665166,-0.03068718395984828,1.3384603931802963,3.44,-1.3450709719913085,1.6020683422812723,1,Baixo,2,0,0,0,0
1.0,1.0,0.9899636952944044,-0.6195659963106561,-1.892767094755655,-0.5931560030286143,0.7399536439248426,1.3384603931802963,3.81,-0.4304531956639057,-0.17232847723398767,0,Alto,5,1,1,0,0
0.0,0.0,0.09113711576527089,0.6977774551848043,0.6933751404155127,-0.5798225416692985,0.3546332299824975,0.7941156236979248,4.0,0.5583227787440972,-0.7633810490976601,0,Alto,4,1,0,0,0
0.0,0.0,-0.5829828188815798,-1.855514434508763,0.4149802255812227,-0.23004917372638314,0.7399536439248426,0.2238496747163919,3.81,0.6324809768246975,0.7148699325236423,0,Alto,3,1,0,0,0
0.0,0.0,-0.6066361499218196,0.054383399811759756,0.13512007435306772,0.657101342343076,0.3546332299824975,0.5608250082054801,3.57,-0.2821367995027053,0.4187240946296848,0,Alto,3,1,0,0,0
0.0,0.0,1.1437103470559666,-0.6127677711729219,0.5439210282413152,-0.41585517228743374,0.1647651999239503,1.3384603931802963,4.0,0.03921539217989567,0.7148699325236423,0,Alto,6,1,0,0,0
0.0,0.0,-1.316236081129031,0.25519648001271555,2.2597128454568605,0.8373760681266619,-1.1866484257868843,-1.4610269927290442,3.12,0.5336033793838972,0.4187240946296848,1,Baixo,2,0,0,0,0
0.0,0.0,0.1857504399262324,-1.799164504952449,-0.0817349119389057,0.1128678005062853,0.1647651999239503,0.6645097262021223,3.81,0.2122511877012962,1.0097766664933572,0,Alto,4,1,0,0,0
0.0,0.0,-0.925956118965065,-0.11771816121249727,-0.697134197362073,1.4981065980394692,-0.41600759790219344,-0.5019433512601033,3.39,0.2864093857818964,0.1238173606599698,1,Baixo,2,0,1,0,0
0.0,0.0,-0.7840361327236227,-0.1740680907688113,0.7988721607737699,0.010436822821686018,-0.6058756279607407,0.27569203371471307,3.38,-0.47989199438430585,0.1238173606599698,1,Baixo,2,0,1,0,0
0.0,0.0,1.1437103470559666,-0.3967636585268644,-1.2964158824527285,-0.6348825597094264,0.5500856138662955,-0.009440940776052781,2.98,-1.1967545758301081,-0.17232847723398767,0,Baixo,6,0,0,0,0
0.0,0.0,-1.9430493536953999,-0.31538274741429906,0.2640608770131601,0.4780651724739732,-0.8013280118445393,1.3384603931802963,4.0,0.03921539217989567,0.7148699325236423,1,Alto,1,1,0,0,0
0.0,0.0,-1.0678761052065073,-0.5462723550065941,1.4142714461969372,-0.26351570529771745,0.1647651999239503,-1.0722093002416362,4.0,2.338119532678503,-0.17232847723398767,1,Alto,2,1,0,0,0
0.0,0.0,-0.40558283607977663,-2.6482403286830234,1.1212241674240004,-0.4766951422838596,0.7399536439248426,-0.009440940776052781,3.46,-0.01022340654050448,-0.46847431512794513,0,Baixo,3,0,1,0,0
0.0,0.0,0.008350457124429287,-0.9500886812218751,1.549073194432488,0.339812529189311,-2.7279300815562664,1.3384603931802963,4.0,0.03921539217989567,-1.0595268869916177,0,Alto,4,1,0,0,0
0.0,0.0,0.28036376408719393,0.7731377655862456,0.9087648903136212,-0.38921803555851797,-0.22055521401839548,0.7422732646996035,3.57,-0.45517259502410584,-0.46847431512794513,0,Alto,4,1,1,0,0
0.0,0.0,0.4932437434493569,1.2087766681354613,0.07651061859848035,0.013795075704064819,0.7399536439248426,-0.6833916077542268,3.58,0.9291137691470983,1.3059225043873148,0,Alto,5,1,1,0,0
0.0,0.0,-2.2505426572185256,-0.18452198515949045,2.401840775661734,2.2841710288254475,-1.3765164558454317,0.8459579826962459,3.56,-0.5787695918251061,-0.17232847723398767,1,Alto,1,1,0,0,0
0.0,0.0,0.5523770710499576,0.6977774551848043,-0.31910320774498435,-0.4247102562813041,0.7399536439248426,0.6645097262021223,3.81,0.2122511877012962,1.0097766664933572,0,Alto,5,1,1,0,0
0.0,0.0,-1.1624894293674688,-1.439381581059013,0.4017930980364401,-0.35706454374004026,0.5500856138662955,-0.21681037676933745,3.81,1.0527107659480988,0.7148699325236423,1,Alto,2,1,0,0,0
0.0,0.0,-0.7012494740827812,-0.16367953364478519,0.2640608770131601,1.469975427093262,-0.8013280118445393,0.8200368031970847,3.61,-0.4304531956639057,2.0667323138722096,0,Alto,3,1,1,0,0
0.0,0.0,0.5878570676103184,0.4771475175325099,1.3263572625650561,-0.37732783723304114,-0.03068718395984828,0.7163520852004424,3.72,-0.059662205260904634,-1.6505794588552902,0,Alto,5,1,0,0,0
0.0,0.0,0.008350457124429287,0.8704350167926449,-0.327894626108172,-0.38047732795821887,-2.342609667613921,0.30161321321387424,4.0,1.0279913665878988,0.7148699325236423,0,Alto,4,1,0,0,0
0.0,0.0,0.3276704261676747,0.5085429389673554,0.1614943294426322,-0.20857112519367343,0.5500856138662955,0.7941156236979248,3.0,-1.9136171572759102,0.7148699325236423,0,Baixo,4,0,0,0,0
0.0,0.0,-1.127009432807108,-0.5076156422639305,1.3512662812607557,-0.441763335792984,0.3546332299824975,0.19792849521723188,3.59,0.11337359026049589,-0.7633810490976601,1,Alto,2,1,1,0,0
0.0,0.0,-0.4647161636803773,0.003661569523578679,-0.19895382344808044,-0.5350731611369732,-0.03068718395984828,-0.5019433512601033,3.28,0.014495992819695594,-1.0595268869916177,0,Baixo,3,0,0,0,0
0.0,0.0,1.0845770194553659,1.4213473638614726,0.14830720189785038,0.5983246694533312,-1.9572892536715754,1.3384603931802963,4.0,0.03921539217989567,1.8969750762509872,0,Alto,6,1,0,0,0
0.0,0.0,-1.8957426916149203,-0.7766252489791748,1.307309189444815,-0.1811706834352123,0.7399536439248426,0.24977085421555306,3.24,-0.801244186066907,2.0667323138722096,1,Baixo,1,0,0,0,0
0.0,0.0,-2.6408226193824915,0.3338004272239651,1.9945050581673525,2.9088188055415616,-1.5719688397292302,-0.709312787253388,3.05,-0.3562949975833055,-1.0595268869916177,1,Baixo,1,0,1,0,0
0.0,0.0,-0.05078287047617141,-1.2202217511290099,-0.7938397993571418,-0.6239932582405519,0.7399536439248426,1.3384603931802963,4.0,0.03921539217989567,0.4187240946296848,0,Alto,4,1,0,0,0
0.0,0.0,-2.2505426572185256,0.2632262720983867,2.401840775661734,3.822479976135061,-1.9572892536715754,0.30161321321387424,2.49,-3.4709393169685145,-0.46847431512794513,1,Baixo,1,0,1,0,0
0.0,0.0,-0.24000951879809448,0.8310587384817524,-0.4099478641645946,0.012955900312320998,-0.03068718395984828,-0.9426034027458327,3.6,1.2257465614694993,-1.0595268869916177,0,Alto,3,1,0,0,0
0.0,0.0,0.5405504055298377,-2.1874706371708657,-0.33815128086522545,-0.3105975249272772,0.5500856138662955,0.8459579826962459,3.59,-0.5046113937445059,0.1238173606599698,0,Alto,5,1,0,0,0
0.0,0.0,-1.1033561017668672,-0.005729210987178616,0.18347287535060247,-0.08422712278430389,0.3546332299824975,0.016480238723108376,3.6,0.31112878514209646,-1.0595268869916177,1,Alto,2,1,0,0,0
0.0,0.0,-0.937782784485185,0.1080062348611295,2.104397787707204,0.9120139449807222,-1.1866484257868843,-2.1608988392063795,3.49,2.1156449384367018,-0.17232847723398767,1,Baixo,2,0,0,0,0
0.0,0.0,0.06748378472502999,0.11677756777066384,0.1292591287776093,0.9461973576228767,-0.22055521401839548,-0.6056280692567456,2.49,-1.83945895919531,-2.2515448621129024,0,Baixo,4,0,0,0,0
0.0,0.0,0.1857504399262324,-0.5332866348237615,-0.17111433196465095,-0.4227399721793496,0.5500856138662955,0.09424377722058955,3.45,-0.13382040334150488,-2.2515448621129024,0,Baixo,4,0,0,0,0
0.0,0.0,0.2212304364865922,-0.6679483980224674,0.21131236683403112,-0.05481421619771569,0.5500856138662955,-1.6165540697240077,3.78,2.3134001333183027,-0.7633810490976601,0,Alto,4,1,1,0,0
0.0,0.0,-1.2097960914479498,1.4897588191208049,1.1739726776031294,0.7760632060653839,0.7399536439248426,0.7681944441987636,3.8,0.08865419090029582,0.1238173606599698,1,Alto,2,1,0,0,0
0.0,1.0,-3.5041692023512643,2.2507523813373527,-0.007007855851806476,0.4460340212375689,-1.7618368697877766,-1.8239235057172924,2.49,-3.124867725925714,-0.7633810490976601,1,Baixo,1,0,0,0,0
0.0,0.0,1.652256964421134,-0.9417985706247289,-0.7000646701498022,-0.587657852692234,0.5500856138662955,1.3384603931802963,4.0,0.03921539217989567,1.3059225043873148,0,Alto,6,1,0,0,0
0.0,0.0,0.28036376408719393,-1.8271006874090203,-0.8978715833215346,-0.6492912715947929,0.7399536439248426,1.3384603931802963,4.0,0.03921539217989567,2.0667323138722096,0,Alto,4,1,1,0,0
0.0,0.0,0.6115103986505582,-2.4524656389089556,-0.5183753573105809,-0.4124192828434371,-1.1866484257868843,0.5349038287063189,3.76,0.2122511877012962,2.0667323138722096,0,Alto,5,1,0,0,0
1.0,0.0,-1.9785293502557608,0.9197284927045979,1.0230533290350667,0.6599161473233387,-0.9911960419030864,1.3384603931802963,4.0,0.03921539217989567,1.3059225043873148,1,Alto,1,1,0,0,0
0.0,0.0,0.469590412409116,-1.0441178676096357,0.8223159430756051,-0.48046452699586933,-1.5719688397292302,1.3384603931802963,3.53,-1.1225963777495078,-0.46847431512794513,0,Baixo,5,0,0,0,0
0.0,0.0,-0.9141294534449451,0.4487337704327664,1.1666464956338058,1.0496929680860982,-0.03068718395984828,0.17200731571807074,2.6,-2.3091275470391115,1.3059225043873148,1,Baixo,2,0,0,0,0
0.0,0.0,-0.08626286703653224,0.09476183228276715,0.07064967302302196,-0.6221384492878218,0.5500856138662955,1.3384603931802963,4.0,0.03921539217989567,0.1238173606599698,0,Alto,4,1,1,0,0
0.0,0.0,0.67064372625116,0.0634415351944632,0.7124232135357538,-0.27142286239007724,0.7399536439248426,1.3384603931802963,3.42,-1.3945097707117085,1.8969750762509872,0,Baixo,5,0,1,0,0
0.0,0.0,-0.535676156801099,-0.07790395278996343,2.401840775661734,0.17149892028177904,0.3546332299824975,0.2238496747163919,3.0,-1.3697903713515085,-0.17232847723398767,0,Baixo,3,0,0,0,0
0.0,0.0,0.5996837331304383,1.1058813684663573,0.06039301826596933,-0.2800538543325294,0.5500856138662955,1.3384603931802963,4.0,0.03921539217989567,-2.2515448621129024,0,Alto,5,1,1,0,0
0.0,0.0,-0.9732627810455459,0.9676021173112739,1.9945050581673525,2.911862838866062,-0.8013280118445393,0.8200368031970847,3.59,-0.47989199438430585,-0.7633810490976601,1,Alto,2,1,0,0,0
0.0,0.0,-0.07443620151641232,0.6946907992761946,-0.053895420455476205,-0.4151185455586981,-0.03068718395984828,0.7681944441987636,3.81,0.11337359026049589,-0.7633810490976601,0,Alto,4,1,1,0,0
0.0,0.0,0.008350457124429287,0.21032553184603547,0.20545142125857274,0.25570736205136535,0.3546332299824975,0.19792849521723188,4.0,1.126868964028699,-1.0595268869916177,0,Alto,4,1,1,0,0
0.0,0.0,0.5878570676103184,-0.30407546755602965,0.8838558716179217,1.6839977879559225,-1.1866484257868843,0.8200368031970847,4.0,0.5336033793838972,0.1238173606599698,0,Alto,5,1,1,0,0
0.0,1.0,0.20940377096647228,0.7434023799277055,-0.7073908521191257,-0.5824318101538941,0.7399536439248426,-2.246438731553609,2.84,0.9043943697868982,0.1238173606599698,0,Baixo,4,0,0,0,0
0.0,0.0,0.469590412409116,-0.4698375676964113,-0.972598639408633,-0.5686310634502839,-1.1866484257868843,0.7422732646996035,3.79,0.08865419090029582,-0.46847431512794513,0,Alto,5,1,1,0,0
0.0,0.0,-0.1808761911974938,0.4051811374224407,0.02815781760094561,-0.24131264671409133,-0.6058756279607407,1.3384603931802963,4.0,0.03921539217989567,1.6020683422812723,0,Alto,3,1,1,0,0
1.0,0.0,-2.901009260825135,1.391143678842018,2.401840775661734,2.7661323470833508,-0.41600759790219344,0.24977085421555306,2.55,-2.506882741920712,1.6020683422812723,1,Baixo,1,0,1,0,0
1.0,1.0,-1.5054627294509542,-1.0093068836713506,1.094849912334436,2.324992831750345,-0.8013280118445393,1.3384603931802963,3.63,-0.875402384147507,-0.17232847723398767,1,Alto,1,1,1,0,0
0.0,0.0,0.6115103986505582,-0.08776845491293794,1.185694568754046,0.873267654858222,0.5500856138662955,-2.246438731553609,2.79,1.102149564668499,-0.46847431512794513,0,Baixo,5,0,1,0,0
0.0,0.0,0.3631504227280345,1.0243015713624368,0.5131510639701564,2.467036058281132,0.1647651999239503,-0.8129975052500303,2.8,-0.875402384147507,-0.7633810490976601,0,Baixo,4,0,0,0,0
1.0,0.0,-1.6473827156923955,1.0344059412582671,0.07358014581075116,-0.23670968749999316,-0.41600759790219344,-1.3054999157340808,3.28,0.7807973729858979,0.4187240946296848,1,Baixo,1,0,0,0,0
0.0,1.0,1.1791903436163274,-0.1740680907688113,2.0282054952262394,0.3853993647789463,0.3546332299824975,-2.246438731553609,2.49,1.9426091429153014,-1.6505794588552902,0,Baixo,6,0,1,0,0
0.0,0.0,0.16209710888599152,0.24712770820109206,0.6699313581136774,-0.43112353371273715,0.1647651999239503,0.09424377722058955,3.57,0.16281238898089603,0.7148699325236423,0,Alto,4,1,1,0,0
0.0,0.0,0.31584376064755376,0.40885442892653856,0.1541681474733088,-0.006839467172179196,0.5500856138662955,-1.2536575567357595,3.53,1.3493435582704998,-1.0595268869916177,0,Baixo,4,0,1,0,0
0.0,0.0,0.3394970916877946,-0.9921710233542681,0.4091192800057635,-0.6015555216970142,0.1647651999239503,0.8200368031970847,4.0,0.5336033793838972,-0.46847431512794513,0,Alto,4,1,0,0,0
0.0,0.0,0.9426570332139236,1.096203531931666,0.42230640755054616,0.05914374292577233,0.14242778462294475,-0.7456024385522122,3.9,1.779461107137981,-2.2515448621129024,0,Alto,5,1,1,0,1
1.0,0.0,3.745576761482406,1.021765851985644,-0.24437615165788515,0.2599269193164857,-3.649348462722745,-0.4215876948127052,3.833,1.3048486394221395,2.0667323138722096,0,Alto,6,1,0,0,1
0.0,0.0,0.9899636952944044,-0.3210653639890127,-0.36159506316705986,-0.3977429035757195,0.3434645223319947,0.7344969108498551,3.5,-0.6207925707374463,-0.09178672215822518,0,Baixo,5,0,0,0,1
1.0,0.0,0.1857504399262324,0.21857450028580216,-0.5579367399449281,-0.34722856882834496,0.3434645223319947,-0.14682319212160358,3.477,0.16281238898089603,-0.6320360331279552,0,Baixo,4,0,0,0,1
0.0,0.0,1.1673636780962076,0.9464949926770523,-0.4714877927069112,0.4997386178334078,0.14242778462294475,0.30161321321387424,3.128,-1.1275402576215479,2.0667323138722096,0,Baixo,6,0,0,0,1
0.0,0.0,-0.7012494740827812,0.5828797211985501,-1.56894985171156,-0.25493684226877616,-0.6561348123880031,1.1388673110367602,4.0,0.22955476725343624,0.4472234848872623,0,Alto,3,1,1,0,1
0.0,0.0,-0.523849491280979,-0.44512092297689815,-0.09931774866528174,-0.44126753922029305,-0.05860895308610522,0.18496790546765188,3.569,0.07382255128417578,-0.6320360331279552,0,Alto,3,1,1,0,1
0.0,0.0,0.1502704433658716,1.7918493544008336,0.13365483795920355,1.3459755113739056,0.14242778462294475,0.2834683875644615,3.533,-0.10910100398130478,0.4472234848872623,0,Baixo,4,0,1,0,1
0.0,0.0,2.3855102266685866,-0.19504204387906163,-0.7923745629632776,-0.5806050599724445,0.7399536439248426,0.12794131056949803,3.9,0.9464173486992384,0.4472234848872623,0,Alto,6,1,0,0,1
0.0,0.0,1.9006169403436588,-0.12782253110832822,-2.004125060689371,-0.5286668176366647,0.7399536439248426,0.6800624339016181,3.9,0.41989414232697686,0.4472234848872623,0,Alto,6,1,0,0,1
1.0,0.0,0.268537098567073,-0.3731025653278809,-0.6956689609682081,-0.4584248529927826,-1.851186530991799,-0.5641541820580886,3.1,-0.37112663719942557,0.4472234848872623,0,Baixo,4,0,0,0,1
0.0,0.0,-2.4279426400203277,2.438430787548385,-1.1923840984883356,-0.4094776781141523,0.7399536439248426,-1.556935356875938,2.75,-0.28955261931076537,-0.09178672215822518,1,Baixo,1,0,0,0,1
0.0,0.0,1.9124436058637788,0.7343770343367665,-1.3447686834502632,-0.37007364119041014,0.3434645223319947,-0.8596556283485187,3.1,-0.0893254844931447,0.4472234848872623,0,Baixo,6,0,0,0,1
0.0,0.0,0.9308303676938037,0.05891863790269723,-1.2055712260331184,-0.5189579226003602,0.7399536439248426,-1.4739875824786244,2.933,0.0837103110282558,0.4472234848872623,0,Baixo,5,0,0,0,1
0.0,0.0,-0.29914284639869515,0.7583365660086953,1.1769031503908585,-0.5350731611369732,0.7399536439248426,-0.08202024337370241,3.8,0.8994504899148582,0.4472234848872623,0,Alto,3,1,0,0,1
0.0,0.0,1.3802436574583705,-0.23239560976616722,-0.06561731160639385,-0.34053165722626205,-1.655734147108001,-1.4688033465787929,2.49,-2.9691355099564536,0.4472234848872623,0,Baixo,6,0,0,0,1
0.0,0.0,0.8243903780127222,0.5595857541698332,-1.0297428587693562,-0.5174280956280082,0.7399536439248426,0.6774703159517024,3.838,0.27157774616577635,-0.6320360331279552,0,Alto,5,1,1,0,1
0.0,0.0,0.8125637124926013,0.3144951727035633,0.1263286559898801,0.5854294284267061,0.5389169062157927,-0.38270592556396515,3.933,1.5174354739198601,0.4472234848872623,0,Alto,5,1,0,0,1
0.0,0.0,1.2264970056968083,-1.341897794144884,-1.6978906543716517,-0.4819737416805272,0.5389169062157927,1.3384603931802963,4.0,0.03921539217989567,-0.6320360331279552,0,Alto,6,1,0,0,1
1.0,0.0,0.1502704433658716,0.22678273291297354,-0.49493157500874646,-0.5355863196908477,0.7399536439248426,-0.7870763257508692,3.5,0.8302361717062982,-2.2515448621129024,0,Baixo,4,0,0,0,1
1.0,0.0,-0.015302873915810571,1.2819724877609806,0.20252094847084354,-0.41536406568234774,0.7399536439248426,-2.246438731553609,2.992,1.0922618049244188,-0.6320360331279552,0,Baixo,4,0,0,0,1
1.0,0.0,-0.1690495256773728,-0.5593603260071153,-1.4136347939619034,-0.18816442904090314,-1.851186530991799,0.6671018441520381,3.479,-0.6084328710573463,-0.09178672215822518,0,Baixo,3,0,0,0,1
0.0,0.0,0.859870374573082,0.09476183228276715,-0.7616045986921188,0.030733023780816868,0.7399536439248426,0.12534919261958224,3.6,0.2073073078292562,0.4472234848872623,0,Alto,5,1,0,0,1
1.0,0.0,0.7179503883316408,-2.1700656223346746,-0.7865136173878183,-0.5717496469150448,0.7399536439248426,0.5608250082054801,3.193,-1.214058155382248,-0.09178672215822518,0,Baixo,5,0,0,0,1
0.0,0.0,0.7061237228115198,1.201959855863978,0.3006917868597772,-0.3245733828977949,-0.8571715500970531,1.035182593040118,3.9,0.08123837109223579,-2.2515448621129024,0,Alto,5,1,1,0,1
0.0,0.0,-0.5120228257608581,-0.4636238642763804,1.4084105006214789,-0.5556752369326702,0.7399536439248426,-0.04313847412496125,3.608,0.3902308630947367,-1.1710462401734427,0,Alto,3,1,1,0,1
1.0,0.0,0.5523770710499576,-0.45126571270761645,-0.9213153656233691,-0.4507031305629576,0.7399536439248426,0.8200368031970847,3.95,0.4100063825828968,-2.2515448621129024,0,Alto,5,1,0,0,1
1.0,0.0,-0.05078287047617141,-1.5311104393552846,-0.5022577569780698,-0.5902746363521891,0.7399536439248426,0.5608250082054801,3.867,0.452029361495237,-1.1710462401734427,0,Alto,4,1,0,0,1
1.0,1.0,1.4157236540187312,-0.15335550213647112,1.1270851129994588,0.21119820262983208,-0.05860895308610522,-0.9270506950463369,2.729,-0.9446167023560673,-0.09178672215822518,0,Baixo,6,0,0,0,1
0.0,0.0,-0.949609450005305,0.703933624181756,-0.9696681666209038,-0.37418198155811616,0.5389169062157927,1.234775675183654,3.767,-0.4378690154719658,0.4472234848872623,1,Alto,2,1,1,0,1
0.0,0.0,-1.3517160776893908,1.5332289097725265,1.4699504291637953,0.32694030555177145,0.3434645223319947,0.43640334660950925,3.344,-0.7196701681782466,2.0667323138722096,1,Baixo,1,0,0,0,1
0.0,0.0,-1.1861427604077088,1.4743683042635043,0.5981347748143082,-0.37442384159206993,0.7399536439248426,0.9937087058414609,3.567,-0.7023665886261066,0.4472234848872623,1,Alto,2,1,1,0,1
1.0,0.0,-1.3517160776893908,0.634928239281276,-0.11397011260392859,-0.6149959863688713,0.5389169062157927,0.3716003978616069,3.5,-0.2747209796946453,-2.2515448621129024,1,Baixo,1,0,1,0,1
0.0,0.0,0.05565711920491005,1.12029328299591,2.0472535683464814,6.179874579560081,-3.2472749873046456,-0.2245867306190859,3.564,0.452029361495237,-1.7112955511431727,0,Alto,4,1,1,0,1
1.0,0.0,0.3040170951274338,1.122683166555183,-1.0722347141914317,-0.4971120291417199,0.5389169062157927,0.30161321321387424,3.436,-0.36618275732738553,-0.09178672215822518,0,Baixo,4,0,0,0,1
0.0,1.0,-0.6894228085626612,1.0090289028470711,1.6340569052766398,2.0499590065837716,-3.2472749873046456,0.7111678493006108,3.833,0.22708282731741622,0.4472234848872623,0,Alto,3,1,0,0,1
0.0,0.0,0.043830453684790126,1.2992418766553469,2.401840775661734,1.763744481938262,-0.6561348123880031,-1.0385117668927264,2.49,-1.4563082691122087,2.0667323138722096,0,Baixo,4,0,1,0,1
0.0,1.0,-2.794569271144054,0.4841757044482977,2.401840775661734,2.446749969969155,0.5389169062157927,-0.35678474606480404,2.5,-2.0520457936930305,-2.2515448621129024,1,Baixo,1,0,0,0,1
0.0,0.0,0.8125637124926013,0.34908479909846246,-0.38650408186275936,-0.5425234327887135,-0.05860895308610522,-0.7352339667525479,3.038,-0.36123887745534555,-0.6320360331279552,0,Baixo,5,0,1,0,1
0.0,0.0,2.2435902404271433,0.15568564742936336,-1.1205875151889664,-0.5396950698954763,0.5389169062157927,0.2575472080653015,3.55,-0.04235862570876458,-2.2515448621129024,0,Baixo,6,0,0,0,1
1.0,1.0,-0.1808761911974938,1.139316823743938,-0.3528036448038723,-0.1789184591698517,0.7399536439248426,0.3767846337614396,3.467,-0.3637108173913655,0.4472234848872623,0,Baixo,3,0,1,0,1
0.0,1.0,0.4932437434493569,0.7493921656136844,2.401840775661734,3.3133735568850855,-0.45509807467895314,0.7681944441987636,3.267,-1.2288897949983681,0.4472234848872623,0,Baixo,5,0,0,0,1
0.0,0.0,0.8835237056133229,0.017649004626215596,0.10288487368804485,0.2930716178604296,-0.8571715500970531,0.8641028083456586,3.933,0.32843236469423653,0.4472234848872623,0,Alto,5,1,0,0,1
0.0,0.0,0.10296378128539081,-0.9667939849430712,-0.8011659813264651,-0.4281616843032683,0.5389169062157927,1.112946131537599,3.85,-0.11651682378936482,0.9874727958569923,0,Alto,4,1,0,0,1
0.0,1.0,0.6469903952109191,-0.5268316219378342,-1.1601488978233128,-0.5976150241900183,0.7399536439248426,0.11757283876983379,3.654,0.3482078841823966,-0.6320360331279552,0,Alto,5,1,0,0,1
0.0,1.0,-1.363542743209512,-1.1160064219568846,0.49703346363764456,2.0663072579390853,-2.4487123902936974,-1.411776751680639,2.49,-3.023518188548894,0.4472234848872623,1,Baixo,1,0,0,0,1
0.0,0.0,0.4104570848085153,-1.0179415198639101,-1.0517214046773264,-0.2591069705548419,-1.253660671689901,1.3384603931802963,3.973,-0.02752698609264453,-1.7112955511431727,0,Alto,4,1,0,0,1
0.0,0.0,0.68247039177128,0.3067098482637698,1.188625041541776,-0.4882711467526805,0.5389169062157927,0.5608250082054801,3.623,-0.1511239828936449,-0.6320360331279552,0,Alto,5,1,0,0,1
0.0,0.0,1.7705236196223355,0.11239768716225967,-1.3345120286932106,-0.49054177907335095,0.7399536439248426,0.8718791621954058,3.669,-0.3340475381591254,-0.6320360331279552,0,Alto,6,1,0,0,1
0.0,0.0,0.7297770538517607,0.31060706864031534,-0.6648989966970493,-0.5811268636786143,0.5389169062157927,0.5245353569066546,3.336,-0.8259635854271069,-0.09178672215822518,0,Baixo,5,0,1,0,1
1.0,0.0,0.2212304364865922,0.003661569523578679,0.0032487989052461465,-0.537639920579747,0.5389169062157927,0.04240141822226839,3.467,-0.04235862570876458,0.4472234848872623,0,Baixo,4,0,0,0,1
1.0,0.0,0.6469903952109191,0.37175101936906696,0.5820171744817964,-0.5639598683894849,0.5389169062157927,0.43121911070967656,3.528,-0.26236128001454523,2.0667323138722096,0,Baixo,5,0,0,0,1
1.0,0.0,0.020177122644549215,-0.739604481917712,-0.7791874354184949,-0.6348825597094264,0.7399536439248426,0.8122604493473374,3.667,-0.2821367995027053,0.4472234848872623,0,Alto,4,1,0,0,1
1.0,0.0,-0.3937561705596567,1.4993060235948008,0.38860597049165824,-0.12298875881569461,0.7399536439248426,0.7785629159984278,3.754,-0.03494280590070455,-0.6320360331279552,0,Alto,3,1,0,0,1
1.0,0.0,-0.06260953599629134,1.7133845809426014,-1.0678390050098374,-0.47217875077683064,0.7399536439248426,0.011296002823275685,3.647,0.4322538420070769,0.4472234848872623,0,Alto,4,1,0,0,1
0.0,0.0,0.2212304364865922,-0.9584203464316831,-1.4590571221717088,-0.5039517859326027,0.7399536439248426,0.6904309057012824,3.875,0.3482078841823966,0.9874727958569923,0,Alto,4,1,0,0,1
0.0,0.0,0.7652570504121204,1.0141354006549705,-0.04217352930455857,0.881518846782701,0.3434645223319947,0.1486782541688265,3.233,-0.7196701681782466,0.4472234848872623,0,Baixo,5,0,1,0,1
1.0,0.0,0.03200378816467019,1.360380979750939,-0.8290054728098947,-0.20175190309562152,-0.05860895308610522,-0.2816133255172386,2.49,-2.694750177058233,-0.6320360331279552,0,Baixo,4,0,0,0,1
1.0,1.0,0.4932437434493569,-1.691890915986326,-1.633420253041606,-0.5220201549054465,-0.6561348123880031,-0.12867836647219089,3.483,0.16034044904487604,-1.1710462401734427,0,Baixo,5,0,1,0,1
0.0,0.0,-0.5475028223212189,1.098628278866589,-0.5652629219142515,-0.4188036716113151,0.7399536439248426,0.8692870442454901,3.753,-0.12393264359742484,1.5277221068267224,0,Alto,3,1,0,0,1
0.0,0.0,1.7468702885820957,-0.3672395478586468,-1.2114321716085767,-0.3061120368103704,0.7399536439248426,-1.0540644745922234,3.231,0.41742220239095684,-0.6320360331279552,0,Baixo,6,0,0,0,1
0.0,0.0,1.7350436230619757,1.9573678724296792,1.4655547199822012,4.335934879490261,-3.649348462722745,0.9677875263423009,3.95,0.26910580622975633,-2.2515448621129024,0,Alto,6,1,0,0,1
0.0,0.0,1.9597502679442584,-0.9417985706247289,-1.4209609759312267,-0.4996432715699754,0.3434645223319947,1.0896170699883547,3.9,0.02932763243581564,-2.2515448621129024,0,Alto,6,1,1,0,1
0.0,1.0,-0.14539619463713294,-0.4760745871313553,-0.6048243045485978,-0.5358429352021095,0.5389169062157927,0.5426801825560673,3.533,-0.3562949975833055,0.4472234848872623,0,Baixo,4,0,1,0,1
1.0,0.0,0.19757710544635235,1.7267219743027782,2.369605574996712,1.0338687519179024,0.7399536439248426,-0.2919817973169028,3.967,1.51249159404782,0.4472234848872623,0,Alto,4,1,0,0,1
0.0,0.0,0.05565711920491005,0.5223083487321946,-0.16964909557078675,-0.36862511592114316,0.3434645223319947,0.27828415166463,3.367,-0.514499153488586,0.4472234848872623,0,Baixo,4,0,1,0,1
0.0,1.0,1.9715769334643785,0.6091077009619595,1.6252654869134513,0.593411312543978,-2.052223268700849,-2.246438731553609,3.9,3.245321489197845,-0.6320360331279552,0,Alto,6,1,0,0,1
0.0,0.0,-0.2754895153584553,-2.5583717545530917,-1.023881913193897,-0.3679011418629171,-0.05860895308610522,1.115538249487516,4.0,0.25180222667761626,0.4472234848872623,0,Alto,3,1,0,0,1
1.0,1.0,0.16209710888599152,0.012999592562151899,-0.9081282380785872,-0.04365145617961676,0.3434645223319947,0.10720436697016955,3.4,-0.2697770998226053,-2.2515448621129024,0,Baixo,4,0,1,0,1
0.0,1.0,-2.0849693399368423,0.40885442892653856,2.401840775661734,2.318876886855993,-2.649749128002747,-0.061283299774373946,3.567,0.30371296533403647,0.4472234848872623,1,Alto,1,1,0,0,1
1.0,0.0,2.0070569300247403,-0.52040158015062,0.8193854702878751,-0.5748718026411417,0.3434645223319947,-0.6056280692567456,3.077,-0.3884302167515656,-0.6320360331279552,0,Baixo,6,0,0,0,1
0.0,0.0,-0.523849491280979,0.6381277854648463,-0.9667376938331746,-0.42323240969665166,0.3434645223319947,-0.4371404025122021,3.721,1.0428230062040187,-0.09178672215822518,0,Alto,3,1,0,0,1
0.0,1.0,1.1318836815358466,0.4771475175325099,0.7798240876535287,0.49042077681795965,-1.454697409398951,-0.5278645307592644,3.5,0.5830421781042974,-2.2515448621129024,0,Baixo,6,0,0,0,1
0.0,1.0,-0.8195161292839837,0.8815161493614866,0.18054240256287327,-0.3623570534628491,0.7399536439248426,-0.26865273576765863,3.5,0.3358481845022966,0.4472234848872623,1,Baixo,2,0,0,0,1
0.0,0.0,-0.33462284295905603,-2.0692975748595845,2.401840775661734,6.479091486222461,-3.649348462722745,-0.17533648957068051,3.233,-0.41067767617574563,0.4472234848872623,0,Baixo,3,0,0,0,1
0.0,0.0,0.5168970744895968,1.568300850415817,-1.114726569613508,1.1101234081630493,-1.851186530991799,0.4960220594575777,3.538,-0.2994403790548454,-0.6320360331279552,0,Baixo,5,0,0,0,1
1.0,0.0,-0.133569529117013,1.0013396197627944,-0.450974483192806,1.5494557195653225,0.7399536439248426,-0.34123203836530824,2.691,-1.5947369055293292,-1.7112955511431727,0,Baixo,4,0,0,0,1
0.0,0.0,-0.20452952223773363,-1.0529357330069362,-1.4356133398698736,-0.23395163854130527,-0.2596456907951552,-0.11312565877269512,3.5,0.1875317883410961,-2.2515448621129024,0,Baixo,3,0,0,0,1
0.0,0.0,0.20940377096647228,-0.40872172254305955,0.05306683629664591,-0.5448397329005122,0.7399536439248426,-2.246438731553609,3.464,2.147780157604962,-0.09178672215822518,0,Baixo,4,0,1,0,1
0.0,0.0,1.6759102954613738,0.4051811374224407,0.28310895013340115,0.3592847925379888,-2.850785865711797,-0.40862710506312516,3.033,-0.6850630090739664,0.4472234848872623,0,Baixo,6,0,0,0,1
0.0,1.0,0.42228375032863624,0.5629335170923246,-0.41141310055845964,0.654615274567865,-2.850785865711797,-0.9659324642950768,3.2,0.2592180464856763,0.4472234848872623,0,Baixo,4,0,0,0,1
1.0,0.0,-0.5829828188815798,1.6727179964567098,1.5051161026165474,0.90309796899884,0.3434645223319947,-0.5304566487091802,3.767,1.2430501410216392,0.4472234848872623,0,Alto,3,1,0,0,1
0.0,0.0,0.2212304364865922,1.5755910538968474,-1.1220527515828316,-0.08683768247067741,0.14242778462294475,1.0274062391903693,3.962,0.24191446693353627,-0.6320360331279552,0,Alto,4,1,0,0,1
0.0,1.0,-0.7485561361632619,0.21032553184603547,-0.7513479439350662,-0.2392403530676841,0.3434645223319947,0.35863980811202695,3.592,-0.03247086596468455,-0.6320360331279552,1,Alto,2,1,0,0,1
0.0,0.0,0.2921904296073139,-1.239892557383703,-1.670051162888223,5.125899961470801,-2.850785865711797,0.9937087058414609,3.967,0.2864093857818964,0.4472234848872623,0,Alto,4,1,0,0,1
0.0,0.0,2.255416905947263,-0.23780102503122932,-1.9411198957531897,-0.5889659304880621,0.7399536439248426,1.1233146033372632,3.9,-0.0028075867324444605,0.4472234848872623,0,Alto,6,1,0,0,1
1.0,1.0,0.6469903952109191,1.181340055162083,-1.1337746427337483,-0.4674195535592009,0.7399536439248426,-2.246438731553609,3.446,2.7929564809061844,-0.6320360331279552,0,Baixo,5,0,0,0,1
0.0,0.0,1.1910170091364474,-0.37898633688451955,-0.49053586582715225,-0.5670731087631947,0.7399536439248426,0.5608250082054801,3.933,0.6151773972725575,0.4472234848872623,0,Alto,6,1,0,0,1
1.0,1.0,-0.08626286703653224,0.3338004272239651,-0.09638727587755254,-0.12320932459779788,0.5389169062157927,0.45714029020883773,3.533,-0.2747209796946453,0.4472234848872623,0,Baixo,4,0,0,0,1
0.0,0.0,-0.22818285327797455,-0.689122744614077,2.0970716057378804,1.7916380766793032,-2.2532600064098984,0.750049618549352,3.867,0.27157774616577635,0.4472234848872623,0,Alto,3,1,1,0,1
0.0,0.0,0.8835237056133229,-0.640129108827249,-0.34401222644068385,-0.5141164132297531,0.7399536439248426,0.8278131570468332,3.944,0.38775892315871674,2.0667323138722096,0,Alto,5,1,1,0,1
0.0,0.0,1.072750353935246,0.6666498839044867,-1.183592680125148,-0.33575820302748005,0.14242778462294475,-0.3904822794137125,2.533,-1.9383365566361104,0.4472234848872623,0,Baixo,6,0,0,0,1
0.0,0.0,1.0254436918547651,0.10360314956018302,-0.23411949690083253,-0.585827597785726,-0.8571715500970531,1.3047628598313878,3.917,-0.13382040334150488,2.0667323138722096,0,Alto,5,1,1,0,1
1.0,0.0,-1.2216227569680695,0.6977774551848043,-0.46416161073758777,-0.33933750971500193,0.7399536439248426,-0.33086356656564403,2.871,-1.1596754767898079,-0.09178672215822518,1,Baixo,2,0,0,0,1
0.0,0.0,0.5168970744895968,-0.12276266805596468,1.3732448271687259,-0.27585157943456956,0.3434645223319947,-0.6341413667058226,3.633,1.0131597269717787,0.4472234848872623,0,Alto,5,1,1,0,1
0.0,0.0,-0.09808953255665218,0.21857450028580216,-0.555006267157198,0.06594317000545064,0.5389169062157927,1.2218150854340741,3.964,0.06146285160407573,-0.09178672215822518,0,Alto,4,1,0,0,1
1.0,1.0,-0.5593294878413388,1.7066755355913037,-0.9887162397411449,-0.40776320696484597,0.7399536439248426,-2.031292941710576,3.0,0.7807973729858979,-1.1710462401734427,0,Baixo,3,0,0,0,1
1.0,1.0,-0.5829828188815798,0.5562312349099187,-0.21067571459899725,1.459998824810805,-0.2596456907951552,-1.5128693517273655,3.15,0.6572003761848976,2.0667323138722096,0,Baixo,3,0,1,0,1
0.0,0.0,-0.08626286703653224,-0.6332464334479521,-1.1337746427337483,-0.5554167475161121,0.7399536439248426,0.24977085421555306,3.967,0.9958561474196386,-1.1710462401734427,0,Alto,4,1,0,0,1
1.0,0.0,0.09113711576527089,1.0419441116801265,0.11167629205123328,-0.480967505711239,0.14242778462294475,-0.34641627426513977,3.769,1.0749582253722787,-0.6320360331279552,0,Alto,4,1,1,0,1
0.0,0.0,0.1857504399262324,-0.6749765849382552,0.02815781760094561,-0.44300322193129765,0.7399536439248426,1.115538249487516,3.953,0.13562104968467598,1.5277221068267224,0,Alto,4,1,0,0,1
0.0,0.0,-0.9969161120857857,0.9251163863335281,0.5615038649676911,1.853854750313677,0.7399536439248426,0.32494227476311843,3.441,-0.3760705170714656,1.5277221068267224,1,Baixo,2,0,1,0,1
0.0,0.0,-0.7012494740827812,-0.2270077161372377,1.0875237303651124,-0.26607139385894346,0.7399536439248426,-0.06387541772428972,3.55,0.26416192635771635,-2.2515448621129024,0,Baixo,3,0,0,0,1
0.0,0.0,-0.6421161464821805,1.08890799543902,-1.026812385981627,-0.08205356473382949,0.3434645223319947,-1.017774823293398,2.9,-0.43292513559992574,2.0667323138722096,0,Baixo,3,0,0,0,1
0.0,1.0,-2.1559293330575637,1.8124779041156882,0.870668744073139,0.3453902425631835,-2.052223268700849,-0.1623758998211005,2.919,-1.204170395638168,0.9874727958569923,1,Baixo,1,0,1,0,1
0.0,0.0,1.1437103470559666,-1.0093068836713506,0.5966695384204432,-0.4744360110721795,-1.851186530991799,0.5841540697547243,3.443,-0.6183206308014263,-0.09178672215822518,0,Baixo,6,0,1,0,1
1.0,0.0,1.5339903092199327,0.8787527842543086,0.7109579771418888,1.0410729683308053,0.5389169062157927,1.0714722443389422,4.0,0.2938252055899564,0.4472234848872623,0,Alto,6,1,1,0,1
0.0,0.0,0.7652570504121204,0.8395753944968752,-0.6018938317608686,-0.08683768247067741,0.14242778462294475,0.628220074903297,3.733,0.05899091166805573,0.4472234848872623,0,Alto,5,1,0,0,1
0.0,0.0,0.6942970572913999,-0.3672395478586468,-0.9315720203804225,-0.26700132960691103,0.7399536439248426,1.0611037725392778,3.833,-0.10910100398130478,0.4472234848872623,0,Alto,5,1,0,0,1
0.0,0.0,0.043830453684790126,1.5144683976438522,0.41204975279349354,0.5640865557971124,-0.8571715500970531,0.6126673672038012,3.567,-0.33899141803116545,0.4472234848872623,0,Alto,4,1,0,0,1
1.0,1.0,1.463030316099212,-1.5911228685112355,-1.3652819929643685,-0.6234631840166227,0.7399536439248426,0.15645460801857494,3.518,-0.02505504615662452,1.5277221068267224,0,Baixo,6,0,0,0,1
0.0,0.0,1.7705236196223355,0.32610521102970147,-1.6773773448575464,-0.6878197395552919,0.7399536439248426,0.8200368031970847,3.767,-0.04235862570876458,0.4472234848872623,0,Alto,6,1,0,0,1
0.0,0.0,1.2501503367370481,-0.8769254108131401,-0.905197765290858,-0.31343427278179764,-2.2532600064098984,-0.4319561666123694,3.233,-0.16595562250976498,-1.1710462401734427,0,Baixo,6,0,0,0,1
1.0,0.0,0.1502704433658716,0.5188776690228131,2.401840775661734,-0.195629156265956,0.3434645223319947,-2.246438731553609,3.377,2.6767753039132436,-0.6320360331279552,0,Baixo,4,0,0,0,1
0.0,0.0,0.31584376064755376,-1.6157479667471455,-0.2941941890492849,-0.4377994861202226,0.7399536439248426,0.6904309057012824,3.744,0.024383752563775625,2.0667323138722096,0,Alto,4,1,0,0,1
1.0,0.0,-0.44106283264013746,-0.6195659963106561,0.3270660419493417,-0.16903072199787259,0.5389169062157927,-2.246438731553609,2.871,1.5742900924483203,1.5277221068267224,0,Baixo,3,0,0,0,1
0.0,0.0,-1.339889412169271,0.22678273291297354,2.401840775661734,2.1412326566075364,-1.454697409398951,-0.5537857102584245,2.894,-0.8902340237636271,2.0667323138722096,1,Baixo,1,0,1,0,1
0.0,0.0,0.6469903952109191,0.02690899364073199,-1.4737094861103557,-0.5652566197583725,0.7399536439248426,1.3384603931802963,3.967,-0.04235862570876458,0.4472234848872623,0,Alto,5,1,0,0,1
0.0,1.0,0.9899636952944044,0.0858732350090701,-1.1997102804576592,-0.5072511337409474,0.3434645223319947,-2.192004254605372,3.483,2.128004638116802,2.0667323138722096,0,Baixo,5,0,0,0,1
0.0,0.0,-0.5711561533614599,1.5462364061196088,2.061905932285128,1.723042589566467,-0.6561348123880031,-1.5128693517273655,3.267,0.9464173486992384,0.4472234848872623,0,Baixo,3,0,1,0,1
0.0,0.0,-0.8668227913644644,0.6885002381943847,1.1622507864522116,0.34334640606130873,0.3434645223319947,1.029998357140285,4.0,0.33337624456627657,0.4472234848872623,1,Alto,2,1,1,0,1
0.0,0.0,-0.1690495256773728,0.47008948684605445,-0.4333916464664299,0.596462024820883,0.7399536439248426,1.0274062391903693,3.667,-0.4873078141923659,0.4472234848872623,0,Alto,3,1,1,0,1
1.0,0.0,0.4341104158487562,0.6413211845818385,-0.34694269922841303,-0.3688664833466587,-1.052623933980851,1.1466436648865086,3.889,-0.0522463854528446,2.0667323138722096,0,Alto,4,1,1,0,1
0.0,0.0,0.7416037193718806,-0.20032714762953072,-1.130844169946019,-0.5169183440553884,0.7399536439248426,0.4182585209600966,3.831,0.4989962202796171,0.9874727958569923,0,Alto,5,1,0,0,1
0.0,1.0,-0.1690495256773728,0.27917041094074957,-0.18576669590329778,0.4233861167296457,0.7399536439248426,-0.4760221717609433,3.4,0.2864093857818964,0.4472234848872623,0,Baixo,3,0,0,0,1
0.0,0.0,-0.4528894981602574,0.38669191753416887,-0.22825855132537412,-0.24016117795848727,0.5389169062157927,1.1077618956377675,3.8,-0.23516994071832517,0.4472234848872623,0,Alto,3,1,0,0,1
0.0,0.0,1.7468702885820957,-0.8769254108131401,0.41204975279349354,0.6750989809561116,-3.4483117250136948,0.12016495671974955,3.733,0.5410191991919573,0.4472234848872623,0,Alto,6,1,1,0,1
0.0,0.0,0.13844377784575165,0.8897787864050386,-1.022416676800033,1.4910399803512993,-3.2472749873046456,-2.246438731553609,2.867,0.6769758956730576,0.4472234848872623,0,Baixo,4,0,0,0,1
1.0,1.0,0.3276704261676747,-0.3967636585268644,-0.23851520608242674,-0.33623517243124385,0.5389169062157927,0.26791567986496573,3.65,0.19494760814915613,-2.2515448621129024,0,Alto,4,1,1,0,1
0.0,1.0,0.12661711232563172,1.0013396197627944,0.4897072816683211,0.051706789742036297,-1.851186530991799,-1.2977235618843324,2.933,-0.08438160462110472,0.4472234848872623,0,Baixo,4,0,1,0,1
0.0,0.0,0.7534303848920005,-0.7992400703373611,0.5424557918474501,1.6092169711731026,-0.2596456907951552,-0.7352339667525479,2.9,-0.7023665886261066,0.4472234848872623,0,Baixo,5,0,0,0,1
0.0,0.0,0.7889103814523614,-0.5139963170059189,-1.1513574794601251,-0.309652598015108,-0.45509807467895314,-1.046288120742475,3.633,1.40619817679896,0.4472234848872623,0,Alto,5,1,0,0,1
1.0,0.0,-0.12174286359689308,0.0858732350090701,-0.0055426194579414586,-0.34674967193686373,-1.454697409398951,-1.9327924596137662,2.49,-0.9198973029958672,-2.2515448621129024,0,Baixo,4,0,1,0,1
0.0,0.0,-0.07443620151641232,0.8110151775946506,2.401840775661734,7.706269082491225,-2.850785865711797,1.0429589468898663,3.867,-0.01022340654050448,0.4472234848872623,0,Alto,4,1,1,0,1
0.0,0.0,1.5339903092199327,0.6025894034745554,-1.3154639555729697,-0.5080130891997194,0.5389169062157927,0.8200368031970847,3.767,-0.04235862570876458,0.4472234848872623,0,Alto,6,1,1,0,1
1.0,1.0,-0.9023027879248241,1.916396973821898,-0.3029856074124725,-0.547673442163774,0.5389169062157927,0.5141668851069904,3.95,0.7016952950332578,-2.2515448621129024,1,Alto,2,1,1,0,1
1.0,0.0,0.8362170435328422,-0.2270077161372377,-1.7125430183102985,-0.4624188335969602,0.7399536439248426,0.32494227476311843,3.731,0.3432640043103566,0.9874727958569923,0,Alto,5,1,1,0,1
1.0,0.0,-0.6894228085626612,1.4273227941283901,-1.1337746427337483,0.15840152711791744,-0.6561348123880031,-1.3884476901313947,2.64,-0.7221421081142666,0.03584098203875231,0,Baixo,3,0,1,0,1
1.0,0.0,0.7416037193718806,-1.1437869638188272,-0.04070829291069438,-0.5391811372738249,0.7399536439248426,0.7552338544491836,3.92,0.39764668290279676,-1.2540662030976901,0,Alto,5,1,0,0,1
0.0,0.0,0.48141707792923694,-0.259600206062547,-0.6048243045485978,-0.590536452946296,0.7399536439248426,0.9885244699416293,3.87,0.05157509185999571,0.03584098203875231,0,Alto,5,1,0,0,1
0.0,0.0,0.7297770538517607,-0.45126571270761645,-1.0898175509178079,-0.6218735795873215,-0.05860895308610522,-0.06646753567420549,3.29,-0.3760705170714656,-0.6097321624915901,0,Baixo,5,0,0,0,1
0.0,0.0,-0.14539619463713294,0.39411230364884364,-0.9066630016847222,-0.5714896286319139,-0.05860895308610522,-0.4941669974103548,3.76,1.1936113423012393,0.6814141265690948,0,Alto,4,1,0,0,1
0.0,0.0,-0.2636628498383343,-1.0886825672763019,-1.0795608961607552,-0.5590378320411105,0.7399536439248426,-1.4610269927290442,3.52,1.5223793537919001,0.03584098203875231,0,Baixo,3,0,1,0,1
0.0,0.0,0.4459370813688761,-0.42076643995268764,-0.0568258932432054,-0.3826598784425316,0.5389169062157927,-0.385298043513881,3.63,0.7684376733057978,0.03584098203875231,0,Alto,5,1,1,0,1
1.0,1.0,0.3276704261676747,0.3978101110229575,0.5160815367578856,-0.3887317046354945,0.5389169062157927,-1.1292358951397887,3.67,1.5767620323843403,1.3269872710994373,0,Alto,4,1,1,0,1
0.0,0.0,0.17392377440611145,-0.6059972374566774,0.993748601157773,0.3607627058998613,-0.05860895308610522,-1.3625265106322335,2.8,-0.3513511177112655,-1.2540662030976901,0,Baixo,4,0,0,0,1
0.0,0.0,1.238323671216928,0.017649004626215596,0.40765404361189933,-0.4457329584146957,-0.2596456907951552,-2.2257017879542804,3.0,0.9661928681873985,0.03584098203875231,0,Baixo,6,0,0,0,1
1.0,0.0,-0.8668227913644644,0.07693684934838274,0.24501280389291905,-0.3032828954950163,0.7399536439248426,-1.2251442592866828,3.39,0.9760806279314785,0.6814141265690948,1,Baixo,2,0,0,0,1
1.0,0.0,-0.937782784485185,1.7083553373806837,-0.745486998359607,-0.38193216741141583,0.7399536439248426,0.9133530493940628,3.85,0.07382255128417578,-1.2540662030976901,1,Alto,2,1,0,0,1
0.0,0.0,0.3394970916877946,0.3978101110229575,-0.1608576772075983,-0.656792550776443,-0.2596456907951552,-1.1240516592399572,3.25,0.5336033793838972,0.03584098203875231,0,Baixo,4,0,0,0,1
0.0,0.0,-0.7958627982437427,-0.12782253110832822,0.22303425798494877,-0.5011631461358561,0.7399536439248426,-1.7150545518208173,2.68,-0.3118000787349453,-0.6097321624915901,1,Baixo,2,0,0,0,1
1.0,1.0,0.28036376408719393,0.15568564742936336,0.7065622679602945,-0.46641867531391284,0.7399536439248426,-0.07424388952395396,2.97,-1.1596754767898079,1.3269872710994373,0,Baixo,4,0,1,0,1
0.0,0.0,0.3040170951274338,-1.5076992955897228,-0.5989633589731386,-0.1643241900001532,0.3434645223319947,0.5504565364058158,3.84,0.39517474296677674,0.6814141265690948,0,Alto,4,1,0,0,1
0.0,0.0,1.7350436230619757,-0.2984505426308264,-0.9799248213779564,-0.5618863485855252,0.5389169062157927,0.5660092441053116,3.79,0.2567461065496563,-1.8996393476280324,0,Alto,6,1,0,0,1
0.0,0.0,1.5931236368205335,0.8339024752389137,-0.4040869185891362,-0.5026838686883341,-3.649348462722745,-1.6035934799744267,3.51,1.6336166509128005,0.6814141265690948,0,Baixo,6,0,0,0,1
0.0,0.0,0.42228375032863624,0.054383399811759756,-1.0194862040123036,-0.5029374049566768,0.7399536439248426,0.8641028083456586,3.67,-0.3241597784150454,0.03584098203875231,0,Alto,4,1,1,0,1
0.0,0.0,1.1555370125760867,-0.03422414419234818,-2.196071028285645,-0.3979868634461758,0.7399536439248426,-1.0488802386923908,3.35,0.7091111148413177,-1.2540662030976901,0,Baixo,6,0,0,0,1
0.0,0.0,0.7061237228115198,0.3299572723809231,0.27431753177021273,-0.5128437598700987,0.7399536439248426,-0.20384978701975745,3.04,-0.8630426844674071,-1.8996393476280324,0,Baixo,5,0,0,0,1
0.0,1.0,0.09113711576527089,0.7283327959341757,2.1556810614924675,-0.41364588907036354,0.14242778462294475,0.5323117107564032,3.89,0.5360753193199173,-0.6097321624915901,0,Alto,4,1,0,0,1
0.0,0.0,0.09113711576527089,0.3978101110229575,-0.3645255359547891,-0.41266455993254325,0.14242778462294475,-1.6995018441213217,3.0,0.46438906117533696,-2.2515448621129024,0,Baixo,4,0,1,0,1
0.0,0.0,-0.5120228257608581,0.6476896357790601,-1.5059446867753785,-0.37853874917745617,0.5389169062157927,0.8796555160451544,3.95,0.35315176405443666,1.9713213117055373,0,Alto,3,1,0,0,1
0.0,0.0,-1.4581560673704734,-0.6127677711729219,-0.8260750000221646,-0.650093993335495,0.7399536439248426,0.2238496747163919,3.63,0.1875317883410961,0.6814141265690948,1,Alto,1,1,0,0,1
0.0,0.0,0.6115103986505582,-0.029440935915582035,-1.5367146510465364,-0.5989278904794797,0.7399536439248426,0.628220074903297,3.59,-0.29696843911882537,1.9713213117055373,0,Alto,5,1,0,0,1
1.0,0.0,0.9544836987340436,-0.15850950232533043,-2.0275688429912058,-0.6670059916526341,0.7399536439248426,-0.8389186847491903,3.53,0.9538331685072985,0.03584098203875231,0,Baixo,5,0,0,0,1
0.0,0.0,-0.949609450005305,1.0318856015348568,0.38860597049165824,1.416214473398528,0.7399536439248426,-1.3054999157340808,3.07,0.26168998642169633,0.03584098203875231,1,Baixo,2,0,0,0,1
0.0,0.0,0.7534303848920005,0.054383399811759756,-1.2949506460588636,-0.24707729851997698,-2.052223268700849,0.7552338544491836,3.7,-0.1461801030216049,0.03584098203875231,0,Alto,5,1,0,0,1
0.0,0.0,1.0254436918547651,0.5993206438584098,-1.1938493348822006,-0.0714281134406493,-0.45509807467895314,0.044993536172184156,3.47,-0.037414745836724564,0.6814141265690948,0,Baixo,5,0,0,0,1
0.0,0.0,-0.1808761911974938,1.3624496343168007,0.8721339804670041,0.4170614904436913,0.7399536439248426,-1.3910398080813104,3.33,0.9859683876755586,1.3269872710994373,0,Baixo,3,0,0,0,1
0.0,1.0,1.7586969541022155,1.0318856015348568,-1.0048338400736567,-0.4817221478601747,-0.45509807467895314,-0.9996299976439865,3.3,0.5385472592559373,0.03584098203875231,0,Baixo,6,0,0,0,1
0.0,0.0,0.7889103814523614,-0.3672395478586468,-0.7235084524516368,-0.5947289423725579,0.5389169062157927,0.8278131570468332,3.76,-0.06707802506896464,1.9713213117055373,0,Alto,5,1,0,0,1
0.0,0.0,-0.6066361499218196,1.181340055162083,-0.23851520608242674,-0.3623570534628491,0.3434645223319947,-0.4371404025122021,3.9,1.4853002547515999,0.6814141265690948,0,Alto,3,1,1,0,1
0.0,0.0,1.3684169919382505,0.8925238964082188,-1.7858048380035327,-0.17149929556082372,-0.45509807467895314,-0.14423107417168782,3.28,-0.3266317183510654,-1.2540662030976901,0,Baixo,6,0,1,0,1
0.0,0.0,0.2330571020067132,0.1080062348611295,-1.2978811188465935,-0.5386673015383313,0.5389169062157927,-0.8518792744987714,3.41,0.6695600758649977,-1.2540662030976901,0,Baixo,4,0,0,0,1
0.0,0.0,2.681176864671591,-1.8844223584306752,-1.545506069409725,-0.6292996780045041,0.7399536439248426,1.1777490802855013,3.8,-0.3019123189908654,0.03584098203875231,0,Alto,6,1,1,0,1
0.0,0.0,-0.6775961430425413,1.1604612411227022,-0.8143531088712478,-0.5808659493386024,0.7399536439248426,-0.5615620641081729,3.84,1.4556369755193599,0.03584098203875231,0,Alto,3,1,1,0,1
0.0,0.0,1.1555370125760867,0.23495063008194553,-1.3169291919668338,-0.5603322432592704,0.5389169062157927,1.0274062391903693,3.78,-0.20797860142210509,-1.2540662030976901,0,Alto,6,1,0,0,1
0.0,0.0,0.3040170951274338,-0.21094803826572847,-1.0971437328871312,-0.23579002771873234,0.3434645223319947,-0.5797068897575857,3.23,-0.03494280590070455,0.03584098203875231,0,Baixo,4,0,0,0,1
0.0,0.0,1.9834035989845005,-0.6962412297088423,0.5424557918474501,-0.3075277094447854,0.5389169062157927,-0.39825863326346095,3.59,0.6819197755450976,-0.6097321624915901,0,Alto,6,1,1,0,1
0.0,0.0,-0.5001961602407382,0.713125336430294,-0.36159506316705986,-0.5097918140617985,-3.4483117250136948,1.1233146033372632,4.0,0.2443864068695563,1.9713213117055373,0,Alto,3,1,0,0,1
0.0,0.0,0.10296378128539081,0.4014997101608584,-0.5960328861854094,-0.6033963719339979,0.7399536439248426,0.7137599672505266,3.43,-0.7740528467706868,0.03584098203875231,0,Baixo,4,0,1,0,1
0.0,0.0,0.7061237228115198,0.32610521102970147,1.4069452642276137,3.3587544370705196,0.14242778462294475,-2.246438731553609,3.83,3.3318393869585456,-1.2540662030976901,0,Alto,5,1,1,0,1
0.0,0.0,0.06748378472502999,-0.08776845491293794,-0.8246097636283004,-0.5577440352489563,0.5389169062157927,0.788931387798092,3.91,0.3407920643743366,0.6814141265690948,0,Alto,4,1,1,0,1
0.0,0.0,-0.7485561361632619,0.8282101281373623,-0.023125456184318334,-0.5621454523122142,0.7399536439248426,0.615259485153717,3.77,0.16034044904487604,1.9713213117055373,1,Alto,2,1,1,0,1
0.0,0.0,1.2856303332974088,-0.5012593678673473,-1.423891448718956,-0.5123348648628598,0.7399536439248426,0.58674618770464,3.45,-0.6034889911853063,-1.8996393476280324,0,Baixo,6,0,0,0,1
1.0,0.0,0.9663103642541645,1.4704983054742233,-0.4744182654946404,-0.23142587633205716,0.7399536439248426,-0.9166822232466726,3.0,-0.2821367995027053,0.03584098203875231,0,Baixo,5,0,1,0,1
0.0,1.0,0.7061237228115198,0.8081319787292716,0.9366043817970499,-0.5582614802720297,0.5389169062157927,0.641180664652877,3.95,0.5805702381682774,-1.2540662030976901,0,Alto,5,1,0,0,1
1.0,1.0,0.48141707792923694,0.05891863790269723,0.6479528122057072,0.5238517661786172,0.7399536439248426,-1.1447886028392857,3.53,1.2430501410216392,0.03584098203875231,0,Baixo,5,0,1,0,1
0.0,0.0,0.7770837159322415,0.6123572889552041,0.2406170947113248,-0.5740909283625294,0.7399536439248426,0.2238496747163919,3.49,-0.15853980270170495,-0.6097321624915901,0,Baixo,5,0,0,0,1
0.0,0.0,2.196283578346663,-1.2799466335790934,-1.8737190216354138,-0.5518004673124022,0.3434645223319947,0.1616388439184065,3.46,-0.17337144231782498,1.3269872710994373,0,Baixo,6,0,1,0,1
0.0,0.0,-1.1979694259278286,1.907484546414665,0.5527124466045027,0.9736222595640712,0.5389169062157927,-2.246438731553609,2.49,-1.3920378307756884,-1.8996393476280324,1,Baixo,2,0,1,0,1
0.0,0.0,-0.1690495256773728,0.15140723134996903,-0.7616045986921188,-0.40091608635126696,0.7399536439248426,-0.6289571308059898,3.59,0.9019224298508782,-0.6097321624915901,0,Alto,3,1,0,0,1
1.0,0.0,-0.03895620495605148,0.012999592562151899,-0.3366860444713604,-0.2887122639386961,0.7399536439248426,0.5608250082054801,3.32,-0.9001217835077071,1.9713213117055373,0,Baixo,4,0,1,0,1
0.0,0.0,0.6233370641706792,0.6188374676470036,0.10435011008190985,-0.2323440645337175,-1.454697409398951,0.47269299790833347,3.7,0.12326135000457591,0.03584098203875231,0,Alto,5,1,0,0,1
0.0,1.0,-1.1979694259278286,-0.05834885983749352,-0.23998044247629094,-0.2625869578142093,0.7399536439248426,-1.1758940182382784,2.49,-2.506882741920712,0.6814141265690948,1,Baixo,2,0,1,0,1
0.0,0.0,-0.35827617399929584,-0.16886569613333544,0.9761657644313969,0.8705116974435905,-0.2596456907951552,-0.4241798127626221,3.13,-0.4304531956639057,-0.6097321624915901,0,Baixo,3,0,0,0,1
1.0,1.0,-0.7249028051230221,0.6571967945626671,-0.3220336805327136,-0.433099889569004,0.7399536439248426,-2.246438731553609,2.54,0.8648433308105782,1.3269872710994373,0,Baixo,3,0,1,0,1
0.0,0.0,-0.015302873915810571,0.04527563056282711,0.1600290930487672,-0.4188036716113151,-1.454697409398951,0.7681944441987636,3.8,0.08865419090029582,1.3269872710994373,0,Alto,4,1,0,0,1
1.0,0.0,-1.2097960914479498,0.8452290180738318,-1.007764312861386,-0.5240635561075936,-0.05860895308610522,-0.8466950385989388,2.9,-0.5960731713772462,-1.8996393476280324,1,Baixo,2,0,0,0,1
1.0,0.0,0.3749770882481555,-0.31538274741429906,-0.8040964541141944,-0.5090293612662482,0.7399536439248426,-0.7326418488026322,3.62,1.0749582253722787,1.9713213117055373,0,Alto,4,1,0,0,1
0.0,1.0,1.6049503023406544,0.9358400604919492,0.4706592085480809,-0.350583205129783,0.14242778462294475,-1.6917254902715733,3.08,0.6547284362488776,1.9713213117055373,0,Baixo,6,0,0,0,1
0.0,0.0,-3.9890624886761916,3.5135916808332506,-0.9799248213779564,0.7995908906629627,-0.2596456907951552,-1.3910398080813104,2.49,-4.600615867729658,0.03584098203875231,1,Baixo,1,0,1,0,1
0.0,0.0,-0.5120228257608581,-0.4886192785947228,0.6596747033566248,1.350988837209351,-2.052223268700849,-0.6004438333569141,3.93,1.7151906688014609,0.03584098203875231,0,Alto,3,1,1,0,1
1.0,0.0,0.8125637124926013,-0.5268316219378342,-0.260493751990397,-0.40433749656578577,0.7399536439248426,0.1305334285194138,3.72,0.4989962202796171,-0.6097321624915901,0,Alto,5,1,0,0,1
1.0,0.0,0.8007370469724814,-0.4574333031945705,0.07651061859848035,0.2312204793111144,-3.051822603420846,0.20570484906698033,4.0,1.119453144220639,0.03584098203875231,0,Alto,5,1,1,0,1
0.0,0.0,0.3868037537682754,0.32610521102970147,0.8911820535872451,-0.46942241331744355,0.3434645223319947,-0.4371404025122021,3.53,0.5706824784241973,0.03584098203875231,0,Baixo,4,0,0,0,1
0.0,0.0,-0.523849491280979,-1.1437869638188272,-0.43046117367869985,-0.5463850272729178,0.7399536439248426,0.44158758250934077,3.3,-0.8358513451711869,-0.6097321624915901,0,Baixo,3,0,0,0,1
1.0,0.0,0.8125637124926013,-0.21094803826572847,-1.220223589971765,-0.6538431571327522,0.7399536439248426,0.8666949262955743,3.63,-0.4255093157918657,0.03584098203875231,0,Alto,5,1,1,0,1
0.0,0.0,-0.1927028567176137,-0.06321610703174517,-0.8612406734749175,-0.6370123833386826,0.7399536439248426,0.4908378235577462,4.0,0.8475397512584382,0.03584098203875231,0,Alto,3,1,1,0,1
1.0,1.0,-0.2636628498383343,0.7283327959341757,-0.19895382344808044,-0.5939423592347282,0.7399536439248426,-1.3547501567824862,3.45,1.2479940208936793,-1.2540662030976901,0,Baixo,3,0,1,0,1
0.0,0.0,-0.0034762083956906423,1.12029328299591,-0.5359581940369578,-0.558002745481304,0.7399536439248426,-0.35160051016497246,3.71,0.9340576490191383,1.3269872710994373,0,Alto,4,1,1,0,1
0.0,0.0,0.3986304192883953,0.6381277854648463,1.7146449069391974,0.5418840667896114,0.3434645223319947,1.3384603931802963,3.97,-0.03494280590070455,-0.6097321624915901,0,Alto,4,1,0,0,1
0.0,0.0,-0.6421161464821805,0.5188776690228131,-0.33375557168363124,-0.300456687706135,0.7399536439248426,-0.6056280692567456,3.27,0.08865419090029582,0.03584098203875231,0,Baixo,3,0,0,0,1
1.0,0.0,-0.4647161636803773,1.23353515029225,-0.4143435733461889,-0.4036039755967873,0.14242778462294475,-2.246438731553609,2.57,-0.04977444551682459,0.03584098203875231,0,Baixo,3,0,0,0,1
0.0,0.0,1.3684169919382505,-1.6789557244085993,-1.2378064266981412,-0.5955157525731201,0.7399536439248426,1.1440515469365917,4.0,0.2246108873813962,0.6814141265690948,0,Alto,6,1,1,0,1
1.0,0.0,0.469590412409116,0.11677756777066384,-0.8934758741399405,-0.5639598683894849,-0.05860895308610522,-0.00425670487622009,3.33,-0.33651947809514543,0.6814141265690948,0,Baixo,5,0,0,0,1
0.0,0.0,1.072750353935246,1.0166827785162098,-0.6531771055461325,-0.030827900881932324,0.5389169062157927,-0.696352197503808,2.99,-0.516971093424606,1.9713213117055373,0,Baixo,6,0,0,0,1
0.0,1.0,0.7061237228115198,-0.3210653639890127,0.3417184058879885,-0.37660154820688824,0.3434645223319947,-0.24273155626849746,3.37,-0.01022340654050448,0.6814141265690948,0,Baixo,5,0,0,0,1
1.0,1.0,-0.24000951879809448,-1.744662450771697,-1.2041059896392532,-0.6189617104074089,0.7399536439248426,0.8252210390969175,3.85,0.15786850910885603,1.9713213117055373,0,Alto,3,1,0,0,1
1.0,1.0,0.8125637124926013,-0.5992541704841451,-1.9074194586943016,-0.6492912715947929,0.7399536439248426,0.6334043108031296,3.5,-0.5243869132326661,0.6814141265690948,0,Baixo,5,0,1,0,1
0.0,0.0,-0.1690495256773728,0.12114593751006127,-0.5418191396124162,-0.5192129772630507,0.5389169062157927,1.2321835572337383,3.94,-0.007751466604484471,-0.6097321624915901,0,Alto,3,1,0,0,1
1.0,0.0,0.1502704433658716,-0.13798870181579453,-0.06854778439412304,0.6359806112804306,-0.45509807467895314,-1.289947208034584,2.49,-3.510490355944835,-2.2515448621129024,0,Baixo,4,0,0,0,1
1.0,1.0,0.10296378128539081,1.2312995565065137,-0.17697527754011017,-0.49028939316170683,0.14242778462294475,0.8200368031970847,3.25,-1.3203515726311086,-1.2540662030976901,0,Baixo,4,0,0,0,1
1.0,1.0,0.13844377784575165,0.9331656210909466,-0.9506200935006628,-0.3520221712789217,0.7399536439248426,-1.264026028535424,2.49,-2.917224771300033,-1.8996393476280324,0,Baixo,4,0,1,0,1
1.0,1.0,0.25671043304695307,0.6188374676470036,-1.7066820727348402,-0.38144713464016466,0.5389169062157927,0.464916644058585,3.35,-0.7345018077943667,-1.2540662030976901,0,Baixo,4,0,0,0,1
0.0,1.0,-0.9141294534449451,2.0001727373855007,1.4245281009539899,0.8313220163519754,0.5389169062157927,-1.0151827053434823,2.49,-2.0174386345887503,-2.2515448621129024,1,Baixo,2,0,1,0,1
1.0,0.0,0.5642037365700775,-0.23239560976616722,-0.6795513606356962,-0.22638136270918138,0.7399536439248426,0.6515491364525412,3.4,-0.7888844863868069,-1.2540662030976901,0,Baixo,5,0,1,0,1
0.0,0.0,-0.5948094844016997,1.1767229307234648,-0.7747917262369006,0.013795075704064819,-3.051822603420846,-1.5128693517273655,3.0,0.2864093857818964,0.03584098203875231,0,Baixo,3,0,0,0,1
1.0,1.0,-0.7840361327236227,-1.0179415198639101,0.07358014581075116,0.17090494759555383,-3.051822603420846,-0.8674319821982672,2.5,-1.5650736262970892,1.3269872710994373,1,Baixo,2,0,1,0,1
0.0,0.0,1.3565903264181296,-0.8769254108131401,-1.023881913193897,-0.5469003201472862,0.5389169062157927,-0.061283299774373946,3.37,-0.183259202061905,-1.2540662030976901,0,Baixo,6,0,1,0,1
0.0,0.0,1.2264970056968083,-0.13798870181579453,-0.6487813963645384,-0.41094808364388974,0.7399536439248426,-1.2588417926355913,3.4,1.0329352464599388,0.03584098203875231,0,Baixo,6,0,0,0,1
0.0,1.0,-1.1861427604077088,-0.7322982559599102,0.7475888869885059,0.10070426235395155,-1.655734147108001,-0.1934813152200932,3.11,-0.6998946486900866,1.3269872710994373,1,Baixo,2,0,1,0,1
0.0,0.0,0.28036376408719393,0.031519714292437585,0.6420918666302488,-0.4318644992333676,-0.05860895308610522,0.6230358390034655,3.86,0.37539922347861676,1.9713213117055373,0,Alto,4,1,0,0,1
1.0,1.0,2.1608035817863014,-0.8848974343881444,-1.0971437328871312,-0.6412770298583869,-0.8571715500970531,0.5815619518048085,3.1,-1.4612521489842487,0.03584098203875231,0,Baixo,6,0,1,0,1
0.0,1.0,0.31584376064755376,0.17691408066592257,0.645022339417978,-0.37442384159206993,0.14242778462294475,1.1984860238848298,3.93,-0.00033564679642445074,0.03584098203875231,0,Alto,4,1,0,0,1
1.0,1.0,0.9899636952944044,0.4051811374224407,0.04427541793345747,-0.2037958789325812,0.14242778462294475,-0.18052072547051207,3.47,0.1776440285970161,0.03584098203875231,0,Baixo,5,0,1,0,1
0.0,1.0,1.2974569988175289,0.14281721879941453,-0.15792720441986913,-0.3669361421534732,-0.8571715500970531,-0.4760221717609433,2.87,-1.0237187803087076,0.03584098203875231,0,Baixo,6,0,1,0,1
0.0,0.0,0.11479044680551075,0.15995307911649706,-1.3403729742686692,-0.35922841937591526,0.5389169062157927,0.021664474622939918,2.94,-1.3252954525031486,-0.6097321624915901,0,Baixo,4,0,0,0,1
1.0,1.0,-1.2216227569680695,0.29888788686817563,-0.2795418251106381,1.4509761733106796,0.5389169062157927,-1.639883131273252,2.97,0.33337624456627657,0.6814141265690948,1,Baixo,2,0,0,0,1
0.0,0.0,1.2501503367370481,-0.8689914400014775,-1.4707790133226257,-0.42298617981700887,0.7399536439248426,1.3384603931802963,4.0,0.03921539217989567,-0.6097321624915901,0,Alto,6,1,1,0,1
0.0,0.0,-0.8786494568845843,1.3562359308967704,0.3270660419493417,0.5321891929727726,0.5389169062157927,0.4493639363590893,3.3,-0.8432671649792469,-1.2540662030976901,1,Baixo,2,0,0,0,1
0.0,0.0,-0.937782784485185,1.7465295222571184,-0.6165461956995154,-0.32362359923077383,0.7399536439248426,0.3923373414609354,3.83,0.5212436797037971,1.9713213117055373,1,Alto,2,1,0,0,1
0.0,0.0,-0.5711561533614599,0.08141104782148482,-0.6678294694847794,-0.5997159138986978,-0.45509807467895314,-1.694317608221489,2.67,-0.3562949975833055,0.03584098203875231,0,Baixo,3,0,0,0,1
0.0,0.0,0.25671043304695307,-0.9584203464316831,0.05306683629664591,-0.19336495805396658,-0.6561348123880031,0.9833402340417967,3.8,-0.11651682378936482,0.03584098203875231,0,Alto,4,1,0,0,1
0.0,0.0,0.7652570504121204,-0.806847240270599,-1.1352398791276133,-0.6213439173915519,-0.8571715500970531,-0.4863906435606075,3.33,0.12326135000457591,1.9713213117055373,0,Baixo,5,0,1,0,1
0.0,0.0,1.0254436918547651,-1.2597989477546045,-0.6678294694847794,-0.5811268636786143,0.14242778462294475,0.3301265106629511,3.09,-1.2486653144865283,-0.6097321624915901,0,Baixo,5,0,0,0,1
0.0,0.0,1.060923688415125,-0.23239560976616722,-1.3301163195116166,-0.543037996062066,0.7399536439248426,0.36900827991169116,3.54,-0.17337144231782498,1.3269872710994373,0,Baixo,6,0,1,0,1
1.0,0.0,2.255416905947263,-0.11268891765057969,-0.06854778439412304,-0.6372787283480169,0.14242778462294475,-0.6315492487559057,2.8,-1.0484381796689075,-1.2540662030976901,0,Baixo,6,0,0,0,1
1.0,0.0,-0.21635618775785356,0.532558106160109,-0.8656363826565118,-0.26630384805300816,-0.8571715500970531,-0.07165177157403818,3.15,-0.7171982282422266,-1.2540662030976901,0,Baixo,3,0,1,0,1
0.0,0.0,-0.08626286703653224,0.480665325679701,-1.6304897802538767,-0.15426604792994456,0.7399536439248426,-0.2556921460180786,2.77,-1.4810276684724089,-0.6097321624915901,0,Baixo,4,0,0,0,1
0.0,0.0,-0.10991619807677211,0.27519869165762495,-0.31031178938179593,-0.31840569680891667,0.7399536439248426,1.0170377673907052,3.87,0.024383752563775625,-0.6097321624915901,0,Alto,4,1,1,0,1
0.0,0.0,-1.2216227569680695,1.4431530445368665,1.9241737112618467,0.6373158919689134,0.5389169062157927,-2.246438731553609,2.49,-3.0210462486128735,-2.2515448621129024,1,Baixo,2,0,1,0,1
1.0,0.0,0.2448837675268331,-0.2216372309187063,0.1541681474733088,-0.647419173051296,0.7399536439248426,-0.5797068897575857,3.52,0.6819197755450976,-1.2540662030976901,0,Baixo,4,0,0,0,1
0.0,0.0,-0.07443620151641232,0.003661569523578679,-0.48027921107009963,-0.5179379425525874,0.3434645223319947,-1.1162753053902088,3.0,-0.09179742442916472,0.03584098203875231,0,Baixo,4,0,0,0,1
1.0,0.0,-0.2518361843182144,0.875984817371306,-0.8070269269019243,-0.3870302294336794,0.14242778462294475,-1.059248710492055,2.49,-1.4810276684724089,0.03584098203875231,0,Baixo,3,0,1,0,1
1.0,0.0,0.11479044680551075,-0.6195659963106561,-1.4971532684121902,-0.6131472879252479,0.7399536439248426,0.1797836695678192,3.27,-0.6603436097137664,1.9713213117055373,0,Baixo,4,0,1,0,1
0.0,0.0,-0.28731618087857524,0.55286993198662,1.5725169767343232,0.13482696728354135,0.7399536439248426,-0.8544713924486872,3.28,0.35067982411841664,-1.8996393476280324,0,Baixo,3,0,0,0,1
0.0,1.0,0.5760304020901985,1.091343400606033,1.043566638549172,-0.5227862508445846,0.7399536439248426,-0.8259580949996103,3.33,0.44708548162319695,0.6814141265690948,0,Baixo,5,0,1,0,1
1.0,0.0,0.3868037537682754,1.1697731070969808,-0.5257015392799044,-0.3136708017575919,0.7399536439248426,-2.246438731553609,3.35,1.8511473652825612,1.3269872710994373,0,Baixo,4,0,1,0,1
0.0,0.0,1.0845770194553659,1.629271620003275,0.05013636350891587,-0.4649180467290155,0.14242778462294475,-0.6730231359545625,3.5,0.7214708145214178,0.03584098203875231,0,Baixo,6,0,1,0,1
0.0,0.0,0.3394970916877946,0.012999592562151899,-0.7088560885129899,-0.5518004673124022,0.3434645223319947,0.4856535876579135,3.62,-0.0868535445571247,0.03584098203875231,0,Alto,4,1,1,0,1
0.0,0.0,-0.5593294878413388,0.12550285672587141,-1.094213260099402,-0.4353250041973369,0.3434645223319947,-0.8933531616974284,3.14,0.04168733211591568,-0.6097321624915901,0,Baixo,3,0,0,0,1
0.0,1.0,0.11479044680551075,1.0090289028470711,-0.8729625646258352,-0.26096241082448685,0.5389169062157927,-0.41381134096295785,3.46,0.37539922347861676,-0.6097321624915901,0,Baixo,4,0,1,0,1
0.0,0.0,0.03200378816467019,0.532558106160109,-0.44364830122348253,-0.3831451270909297,0.7399536439248426,0.1797836695678192,3.54,0.007080173011635574,-1.2540662030976901,0,Baixo,4,0,1,0,1
1.0,0.0,0.3394970916877946,1.158125100570713,0.436958771489193,1.1066137869487558,0.3434645223319947,-0.14682319212160358,3.37,-0.10168518417324475,0.03584098203875231,0,Baixo,4,0,0,0,1
0.0,0.0,0.6233370641706792,0.4558828727619221,0.11900247402055669,-0.3340894671065511,0.3434645223319947,0.5971146595043043,3.19,-1.2560811342945883,-1.2540662030976901,0,Baixo,5,0,1,0,1
0.0,1.0,-0.10991619807677211,0.4558828727619221,-0.42313499170937646,0.0020230434877564064,0.5389169062157927,-1.774673264668887,2.86,0.19000372827711612,0.6814141265690948,0,Baixo,4,0,0,0,1
0.0,0.0,0.03200378816467019,0.6603538016449232,0.7212146318989414,-0.4561808081459332,0.7399536439248426,0.5115747671570746,3.17,-1.223945915126328,0.03584098203875231,0,Baixo,4,0,0,0,1
1.0,1.0,2.2081102438667832,-0.043832053771659746,0.12046771041442088,-0.5631821135972612,0.7399536439248426,-0.8492871565488546,3.47,0.815404532090178,0.6814141265690948,0,Baixo,6,0,1,0,1
0.0,0.0,0.9426570332139236,-0.5012593678673473,-0.21067571459899725,-0.27538505968146604,0.3434645223319947,0.13312554646933072,2.97,-1.3574306716714084,0.03584098203875231,0,Baixo,5,0,1,0,1
0.0,0.0,-1.954876019215521,-2.5583717545530917,2.401840775661734,5.97942289723231,-3.051822603420846,1.0274062391903693,3.52,-0.850682984787307,1.9713213117055373,1,Baixo,1,0,0,0,1
0.0,1.0,0.19757710544635235,0.5762575461877025,0.2640608770131601,-0.5707097225793267,0.3434645223319947,0.30420533116379,3.63,0.1109016503244759,0.6814141265690948,0,Alto,4,1,0,0,1
0.0,1.0,0.7652570504121204,-0.5725521708795351,0.5395253190597209,-0.3018694252900362,-0.45509807467895314,1.2036702597846614,3.91,-0.05471832538886461,1.9713213117055373,0,Alto,5,1,0,0,1
0.0,0.0,-0.1808761911974938,0.28708549127423943,-1.1044699148564545,-0.5479311982423484,-2.850785865711797,-0.8337344488493588,3.71,1.3913665371828399,2.0667323138722096,0,Alto,3,1,1,0,1
0.0,0.0,0.11479044680551075,0.04983575339321359,0.44575018985238063,-0.5616272694872974,0.5389169062157927,-0.31012662296631555,3.01,-0.8358513451711869,0.03584098203875231,0,Baixo,4,0,0,0,1
0.0,0.0,0.7534303848920005,0.25921622496853064,0.4413544806707872,-0.3703151369289152,0.3434645223319947,0.3664161619617754,3.49,-0.29449649918280535,-1.2540662030976901,0,Baixo,5,0,0,0,1
0.0,0.0,0.5996837331304383,0.8196348878149919,-1.2802982821202167,-0.5422661875758518,0.3658019376330003,-0.9659324642950768,3.333,0.5879860579763374,0.03584098203875231,0,Baixo,5,0,0,1,0
0.0,0.0,-0.5120228257608581,-0.23239560976616722,0.17614669338127906,-0.21928899364452012,0.5556699676915469,1.0922091879382705,3.952,0.15786850910885603,0.03584098203875231,0,Alto,3,1,1,1,0
0.0,0.0,0.09113711576527089,1.2906296100868235,0.8413640161958453,-0.4749378784370393,0.7399536439248426,-0.533048766659096,3.611,0.8623713908745583,0.03584098203875231,0,Alto,4,1,1,1,0
0.0,0.0,0.5878570676103184,0.549501817907857,-0.8656363826565118,-0.4993900415190799,0.7399536439248426,0.7630102082989321,3.722,-0.09921324423722475,0.03584098203875231,0,Alto,5,1,0,1,0
0.0,1.0,0.8480437090529621,-0.17928681948017286,-0.19895382344808044,-0.35106277610856107,0.3658019376330003,-0.3904822794137125,3.334,0.03921539217989567,0.03584098203875231,0,Baixo,5,0,1,1,0
0.0,0.0,-1.8011293674539588,0.5828797211985501,0.924882490646133,-0.15270477858109216,-0.002765414833591339,0.4752851158582493,3.778,0.3136007250781165,0.03584098203875231,1,Alto,1,1,1,1,0
1.0,0.0,1.1673636780962076,0.6381277854648463,-0.16964909557078675,-0.36259786643741515,0.7399536439248426,-0.3904822794137125,3.667,0.8648433308105782,0.03584098203875231,0,Alto,6,1,0,1,0
0.0,0.0,-0.9141294534449451,0.7434023799277055,-0.5125144117351226,-0.29645790312140713,-1.1196361798838677,0.4752851158582493,3.556,-0.23516994071832517,0.03584098203875231,1,Alto,2,1,0,1,0
1.0,1.0,0.6351637296907992,0.8952644802592988,0.4149802255812227,-0.18184671377661837,0.3658019376330003,-0.8207738590997787,3.5,0.8623713908745583,0.03584098203875231,0,Baixo,5,0,1,1,0
0.0,1.0,0.3040170951274338,-0.7469429650483244,-0.6443856871829441,-0.5355863196908477,0.7399536439248426,0.7215363211002751,3.714,-0.07696578481304468,0.03584098203875231,0,Alto,4,1,0,1,0
0.0,0.0,0.3513237572079146,0.07693684934838274,0.2948308412843188,-0.3736983258650978,-0.19263344489213854,0.9055766955443155,3.833,0.03921539217989567,0.03584098203875231,0,Alto,4,1,1,1,0
1.0,0.0,0.4459370813688761,0.8196348878149919,-1.2612502089999764,-0.5611091851575009,0.7399536439248426,-1.4273294593801358,3.278,0.8895627301707782,0.03584098203875231,0,Baixo,5,0,0,1,0
0.0,0.0,-2.333329315859366,2.079927900431149,1.0933846759405716,0.8079110703415205,0.5556699676915469,0.7630102082989321,3.944,0.452029361495237,0.03584098203875231,1,Alto,1,1,1,1,0
0.0,1.0,-0.3109695119188151,1.0318856015348568,-0.35719935398546565,-0.3999393288956059,0.7399536439248426,0.18756002341756764,3.733,0.479220700791457,0.03584098203875231,0,Alto,3,1,1,1,0
0.0,0.0,0.5523770710499576,-1.7049275610831198,-0.011403565033400695,-0.20470480487709528,0.5556699676915469,1.1933017879849972,3.944,0.03921539217989567,0.03584098203875231,0,Alto,5,1,0,1,0
0.0,0.0,1.2501503367370481,1.2065075022825256,0.7490541233823709,-0.48801897099722896,0.5556699676915469,0.3301265106629511,3.944,0.8623713908745583,0.03584098203875231,0,Alto,6,1,1,1,0
0.0,0.0,-0.7840361327236227,2.1470287016946275,-0.037777820122965176,-0.2535482161111088,0.7399536439248426,1.1933017879849972,4.0,0.1751720886609961,0.03584098203875231,1,Alto,2,1,1,1,0
0.0,0.0,0.5996837331304383,0.003661569523578679,-0.8773582738074286,-0.2917609492607245,0.7399536439248426,0.4752851158582493,3.917,0.6572003761848976,0.03584098203875231,0,Alto,5,1,1,1,0
0.0,0.0,-0.2636628498383343,-1.000716871120796,0.0823715641739396,-0.6356810485538227,-0.002765414833591339,0.7630102082989321,3.889,0.3136007250781165,0.03584098203875231,0,Alto,3,1,1,1,0
0.0,0.0,-0.07443620151641232,1.1178999582784168,-0.7425565255718778,-0.3921378447834819,0.7399536439248426,1.0507353007396136,3.944,0.1776440285970161,0.03584098203875231,0,Alto,4,1,1,1,0
0.0,0.0,0.16209710888599152,1.698250967484852,0.9703048188559377,-0.2275270235435232,0.7399536439248426,-0.3904822794137125,2.833,-1.1967545758301081,0.03584098203875231,0,Baixo,4,0,1,1,0
0.0,0.0,1.0136170263346453,-0.9752100218048425,-1.3433034470563983,-0.533534264897249,0.5556699676915469,1.1933017879849972,3.905,-0.059662205260904634,0.03584098203875231,0,Alto,5,1,0,1,0
0.0,0.0,-0.5001961602407382,0.24712770820109206,0.8926472899811093,-0.234640889183707,-0.19263344489213854,-0.9063137514470084,3.444,0.807988712282118,0.03584098203875231,0,Baixo,3,0,0,1,0
0.0,0.0,0.043830453684790126,0.18952220986107432,0.11460676483896248,-0.41192879487183215,0.5556699676915469,1.3384603931802963,3.889,-0.23516994071832517,0.03584098203875231,0,Alto,4,1,1,1,0
0.0,0.0,-0.38192950503953677,-1.4505746451015915,-0.1930928778726212,-0.39311181000765766,0.7399536439248426,1.1933017879849972,3.889,-0.09921324423722475,0.03584098203875231,0,Alto,3,1,1,1,0
0.0,0.0,0.5642037365700775,0.0679521586657392,-0.6722251786663728,-0.5536080076710027,0.5556699676915469,1.1933017879849972,3.889,-0.09921324423722475,0.03584098203875231,0,Alto,5,1,1,1,0
0.0,0.0,-1.8366093640143184,0.5795719315912292,2.1556810614924675,1.217413497684936,-0.37691712112543374,1.0922091879382705,3.476,-1.0212468403726875,0.03584098203875231,1,Baixo,1,0,0,1,0
0.0,0.0,-0.29914284639869515,0.6285106107330163,0.11900247402055669,-0.44945973760728897,0.7399536439248426,-0.10275718697303088,3.778,0.8623713908745583,0.03584098203875231,0,Alto,3,1,0,1,0
0.0,0.0,0.008350457124429287,-0.4760745871313553,-1.1528227158539894,-0.6359472634928294,0.7399536439248426,0.04240141822226839,3.667,0.452029361495237,0.03584098203875231,0,Alto,4,1,0,1,0
0.0,0.0,-0.4528894981602574,0.42710009763569684,-0.04217352930455857,-0.16723679900371727,-1.309504209942415,-1.0799856540913835,3.467,1.0279913665878988,0.03584098203875231,0,Baixo,3,0,0,1,0
0.0,0.0,-1.2807560845686703,0.23495063008194553,0.9996095467332314,0.8841112831582086,-0.37691712112543374,0.9055766955443155,3.667,-0.3735985771354456,0.03584098203875231,1,Alto,2,1,0,1,0
0.0,0.0,0.31584376064755376,0.7434023799277055,-0.8143531088712478,-0.3539419753032482,0.5556699676915469,1.0507353007396136,3.722,-0.3735985771354456,0.03584098203875231,0,Alto,4,1,1,1,0
0.0,1.0,-0.535676156801099,-0.9836688885551474,0.08383680056780378,-0.47343255348114816,0.5556699676915469,0.3508634542622796,3.81,0.5088839800236972,0.03584098203875231,0,Alto,3,1,1,1,0
0.0,0.0,-0.07443620151641232,-0.2270077161372377,-0.5227710664921752,-0.5816487672993287,0.5556699676915469,-0.9659324642950768,3.5,1.0008000272916786,0.03584098203875231,0,Baixo,4,0,1,1,0
0.0,0.0,-1.4463294018503525,1.019226258322582,1.2501649700840927,1.0628575795600095,-0.9353525036505725,-0.2453236742184144,3.733,0.8895627301707782,0.03584098203875231,1,Alto,1,1,0,1,0
0.0,1.0,-2.262369322738645,1.7563454783190569,1.4670199563760662,6.334856108769212,-3.353377709984421,-0.6782073718543953,3.611,1.0008000272916786,0.03584098203875231,1,Alto,1,1,0,1,0
0.0,0.0,0.28036376408719393,-2.4320707360498584,-0.6927384881804789,-0.6686221444725039,0.3658019376330003,1.1933017879849972,3.889,-0.09921324423722475,0.03584098203875231,0,Alto,4,1,0,1,0
0.0,1.0,-0.8668227913644644,1.4173517760501222,-0.6443856871829441,-0.5261084903877815,0.7399536439248426,-0.21681037676933745,3.056,-0.8136038857470068,0.03584098203875231,1,Baixo,2,0,0,1,0
0.0,1.0,0.4341104158487562,1.503109603582088,1.4699504291637953,2.2052499025033363,-1.6780715624090066,-0.14423107417168782,3.533,0.29876908546199643,0.03584098203875231,0,Baixo,4,0,0,1,0
0.0,0.0,0.3040170951274338,0.7373909313168798,-0.8949411105338054,-0.5174280956280082,0.5556699676915469,0.18756002341756764,3.444,-0.23516994071832517,0.03584098203875231,0,Baixo,4,0,1,1,0
0.0,0.0,-0.44106283264013746,1.3562359308967704,-0.8319359455976238,-0.12585750712416524,-0.19263344489213854,0.04240141822226839,3.556,0.1776440285970161,0.03584098203875231,0,Alto,3,1,0,1,0
0.0,0.0,0.268537098567073,0.15140723134996903,-1.689099236008464,-0.3736983258650978,-1.4937878861757108,1.3384603931802963,3.952,-0.0794377247490647,0.03584098203875231,0,Alto,4,1,0,1,0
0.0,1.0,0.13844377784575165,-0.039021156841139985,-0.8260750000221646,-0.37708571938692564,0.5556699676915469,1.3384603931802963,3.833,-0.3735985771354456,0.03584098203875231,0,Alto,4,1,0,1,0
0.0,0.0,-0.5120228257608581,0.15140723134996903,0.5922738292388491,0.1412402447149743,-0.002765414833591339,0.6178516031036327,3.167,-1.3351832122472285,0.03584098203875231,0,Baixo,3,0,1,1,0
0.0,0.0,-0.027129539435931552,1.616900328332853,0.40765404361189933,-0.14580131550286282,0.5556699676915469,-0.2453236742184144,3.5,0.3136007250781165,0.03584098203875231,0,Baixo,4,0,1,1,0
0.0,1.0,-0.5593294878413388,0.5729365386311156,-1.0986089692809962,-0.39945108139750624,-0.002765414833591339,-0.10275718697303088,3.667,0.5879860579763374,0.03584098203875231,0,Alto,3,1,1,1,0
0.0,0.0,0.31584376064755376,-0.2541235496115617,-0.9579462754699862,-0.5611091851575009,0.5556699676915469,0.22644179266630882,3.778,0.5484350190000172,0.03584098203875231,0,Alto,4,1,1,1,0
0.0,0.0,0.8125637124926013,-0.6539805533958029,-0.3029856074124725,-0.5696701948585441,-0.19263344489213854,0.18756002341756764,3.611,0.1776440285970161,0.03584098203875231,0,Alto,5,1,1,1,0
0.0,0.0,-0.15722286015725287,-0.10267585285675895,-0.6854123062111555,-0.5001498022629131,0.7399536439248426,0.5971146595043043,3.667,-0.0794377247490647,0.03584098203875231,0,Alto,3,1,0,1,0
0.0,0.0,1.6995636265016159,-0.4328990757855221,0.05013636350891587,-0.49129907705947384,-0.37691712112543374,0.5971146595043043,3.867,0.41742220239095684,0.03584098203875231,0,Alto,6,1,1,1,0
0.0,0.0,0.19757710544635235,-0.41473317115388525,-0.3528036448038723,0.6276202536709921,-0.37691712112543374,-0.10275718697303088,3.722,0.7264146943934578,0.03584098203875231,0,Alto,4,1,0,1,0
0.0,0.0,-0.2754895153584553,-0.49492730790809797,-0.6194766684872446,-0.4559315838371733,-0.7510688274172768,0.9055766955443155,3.833,0.03921539217989567,0.03584098203875231,0,Alto,3,1,0,1,0
0.0,0.0,-1.1033561017668672,-0.6749765849382552,-0.037777820122965176,-0.3484261793097828,0.5556699676915469,0.18756002341756764,2.944,-1.4711399087283288,0.03584098203875231,1,Baixo,2,0,0,1,0
0.0,0.0,-0.35827617399929584,-0.3210653639890127,-0.3220336805327136,-0.2526228582170218,0.7399536439248426,1.0507353007396136,3.667,-0.509555273616546,0.03584098203875231,0,Alto,3,1,0,1,0
0.0,0.0,-1.2689294190485503,1.2776269591966365,-0.34987317201614226,-0.25285416823972207,0.18151826139970448,0.7630102082989321,3.611,-0.3735985771354456,0.03584098203875231,1,Alto,2,1,1,1,0
0.0,0.0,0.4932437434493569,-2.5803874900409887,-0.8436578367485414,-0.6394104259057721,0.3658019376330003,0.7215363211002751,3.714,-0.07696578481304468,0.03584098203875231,0,Alto,5,1,0,1,0
0.0,0.0,-0.7485561361632619,0.2511669902111115,-0.8612406734749175,-0.6099810049157224,0.3658019376330003,0.18756002341756764,3.667,0.3136007250781165,0.03584098203875231,1,Alto,2,1,0,1,0
0.0,0.0,-0.8786494568845843,-0.0010271888158392896,-0.24144567887015594,1.076811163907192,0.18151826139970448,1.0507353007396136,3.889,0.03921539217989567,0.03584098203875231,1,Alto,2,1,0,1,0
0.0,0.0,-1.564596057051555,0.586180941209478,-0.3528036448038723,-0.06645490528851851,-3.5432457400429684,1.1933017879849972,3.834,-0.23516994071832517,0.03584098203875231,1,Alto,1,1,0,1,0
0.0,1.0,-0.6539428120023004,-0.5012593678673473,-0.22825855132537412,-0.34124839693785236,0.5556699676915469,-0.3904822794137125,3.778,1.139228663708799,0.03584098203875231,0,Alto,3,1,1,1,0
0.0,1.0,-0.2636628498383343,-1.2104729623082586,-0.33375557168363124,-0.4819737416805272,0.7399536439248426,0.8459579826962459,3.81,0.03921539217989567,0.03584098203875231,0,Alto,3,1,0,1,0
0.0,1.0,-0.40558283607977663,-0.37898633688451955,-0.41287833695232384,0.5257646802941647,-0.002765414833591339,0.4752851158582493,3.952,0.7461902138816178,0.03584098203875231,0,Alto,3,1,0,1,0
0.0,0.0,0.020177122644549215,0.5154398937970854,-0.3689212451363833,-0.547673442163774,0.18151826139970448,1.3384603931802963,4.0,0.03921539217989567,0.03584098203875231,0,Alto,4,1,1,1,0
0.0,0.0,-0.42923616712001755,-0.043832053771659746,-0.3000551346247433,-0.33575820302748005,-1.309504209942415,0.4752851158582493,3.875,0.5533788988720573,0.03584098203875231,0,Alto,3,1,1,1,0
0.0,0.0,-0.133569529117013,0.5629335170923246,0.4662634993664867,0.40890820392475025,-0.9353525036505725,1.0507353007396136,3.667,-0.509555273616546,0.03584098203875231,0,Alto,4,1,0,1,0
0.0,0.0,0.19757710544635235,0.7848845546121183,-0.8949411105338054,-0.3848441779991438,0.3658019376330003,0.7215363211002751,3.833,0.21472312763731619,0.03584098203875231,0,Alto,4,1,0,1,0
0.0,0.0,0.7889103814523614,0.5188776690228131,-0.4333916464664299,-0.5761737571205676,0.18151826139970448,0.3508634542622796,3.611,0.01943987269173561,0.03584098203875231,0,Alto,5,1,0,1,0
0.0,0.0,1.2856303332974088,-0.8454142542069953,-0.7762569626307657,-0.5944667227705611,0.18151826139970448,0.22903391061622458,3.619,0.15786850910885603,0.03584098203875231,0,Alto,6,1,0,1,0
0.0,0.0,1.3329369953778898,0.04527563056282711,0.37688407934074064,-0.4591732786944839,0.7399536439248426,0.7630102082989321,3.889,0.3136007250781165,0.03584098203875231,0,Alto,6,1,0,1,0
0.0,0.0,-0.9614361155254258,0.5085429389673554,-0.7366955799964193,-0.4784535397971266,0.5556699676915469,0.6178516031036327,3.778,0.1776440285970161,0.03584098203875231,1,Alto,2,1,0,1,0
0.0,0.0,-0.133569529117013,-0.13798870181579453,0.14098101992852696,-0.2992799654796583,-0.37691712112543374,-0.8233659770496945,3.611,1.139228663708799,0.03584098203875231,0,Alto,4,1,1,1,0
0.0,1.0,-0.9023027879248241,2.0542203380489656,0.0911629825371272,-0.49028939316170683,0.5556699676915469,0.3301265106629511,3.5,-0.23516994071832517,0.03584098203875231,1,Baixo,2,0,0,1,0
0.0,0.0,0.3513237572079146,0.569608882406315,-0.09931774866528174,-0.3693492823295619,-0.002765414833591339,0.9055766955443155,4.0,0.452029361495237,0.03584098203875231,0,Alto,4,1,1,1,0
0.0,0.0,-1.115182767286988,-0.4328990757855221,0.7197493955050772,0.008335811655561126,-0.9353525036505725,0.5971146595043043,3.762,0.15786850910885603,0.03584098203875231,1,Alto,2,1,0,1,0
0.0,1.0,-1.5882493880917947,-0.40273193685708,0.5893433564511198,2.6875249813035853,-2.2365069449341446,0.4752851158582493,3.778,0.3136007250781165,0.03584098203875231,1,Alto,1,1,0,1,0
1.0,0.0,-2.4279426400203277,-0.19504204387906163,0.8618773257099515,-0.057181438971707396,-0.37691712112543374,-1.7720811467189712,3.467,1.6879993295052407,0.03584098203875231,1,Baixo,1,0,1,1,0
0.0,1.0,0.6469903952109191,0.42710009763569684,1.0684756572448715,-0.470925524560052,0.7399536439248426,0.6463649005527097,3.611,-0.26236128001454523,0.03584098203875231,0,Alto,5,1,1,1,0
0.0,1.0,0.9781370297742845,1.3184578563292497,-1.1220527515828316,-0.5947289423725579,0.5556699676915469,0.9677875263423009,4.0,0.3927028030307567,0.03584098203875231,0,Alto,5,1,0,1,0
0.0,1.0,0.09113711576527089,-1.554856039327845,-0.4348568828602941,-0.04450850882431792,0.3658019376330003,-0.533048766659096,3.611,0.8623713908745583,0.03584098203875231,0,Alto,4,1,0,1,0
0.0,1.0,0.9426570332139236,1.0742201496808017,0.19959047568311433,-0.5926318915663987,0.7399536439248426,0.6178516031036327,3.733,0.06640673147611575,0.03584098203875231,0,Alto,5,1,1,1,0
0.0,0.0,1.652256964421134,-0.6059972374566774,-0.14767054966281648,-0.28075486380551434,0.3658019376330003,-0.2453236742184144,3.556,0.452029361495237,0.03584098203875231,0,Alto,6,1,1,1,0
0.0,0.0,0.7889103814523614,0.622068107593337,-1.0194862040123036,-0.47971023291305537,0.7399536439248426,0.7630102082989321,3.834,0.1776440285970161,0.03584098203875231,0,Alto,5,1,1,1,0
0.0,0.0,1.3329369953778898,-0.019915616270903536,-0.9345024931681517,-0.5662944652353016,0.7399536439248426,0.7630102082989321,3.722,-0.09921324423722475,0.03584098203875231,0,Alto,6,1,0,1,0
0.0,0.0,0.871697040093203,0.3376347166500397,-0.3557341175916015,-0.5021768668916987,0.5556699676915469,1.1933017879849972,3.917,-0.02999892602866454,0.03584098203875231,0,Alto,5,1,0,1,0
0.0,0.0,0.2212304364865922,0.7313576625180774,0.6860489584461893,-0.4584248529927826,0.5556699676915469,1.2140387315843255,3.905,-0.0794377247490647,0.03584098203875231,0,Alto,4,1,1,1,0
0.0,1.0,-1.316236081129031,0.3144951727035633,1.3820362455319144,1.359708025726734,0.18151826139970448,-0.49675911536027173,3.333,0.143036869492736,0.03584098203875231,1,Baixo,2,0,0,1,0
0.0,0.0,-1.1861427604077088,-1.2007810180602507,-1.0824913689484843,-0.5227862508445846,0.3658019376330003,0.3301265106629511,3.857,0.6473126164408175,0.03584098203875231,1,Alto,2,1,0,1,0
0.0,0.0,0.13844377784575165,1.905994484702036,0.06478872744756271,-0.05180435762462775,0.5556699676915469,-0.533048766659096,3.556,0.7264146943934578,0.03584098203875231,0,Alto,4,1,0,1,0
0.0,0.0,-0.9732627810455459,-0.015173348491661043,-1.0912827873116728,-0.5394380914715974,0.7399536439248426,0.04240141822226839,3.444,-0.09921324423722475,0.03584098203875231,1,Baixo,2,0,1,1,0
0.0,0.0,-1.6946893777728762,-0.3672395478586468,-0.30152037101860835,-0.27282062736986534,0.3658019376330003,0.10461224902025379,3.238,-0.6677594295218264,0.03584098203875231,1,Baixo,1,0,1,1,0
0.0,0.0,0.20940377096647228,-0.8532362156025888,-0.37038648153024833,-0.5624045806720476,0.5556699676915469,1.1933017879849972,3.833,-0.23516994071832517,0.03584098203875231,0,Alto,4,1,1,1,0
0.0,1.0,0.020177122644549215,0.5762575461877025,-1.1718707889742304,-0.5103002344420925,0.7399536439248426,1.0507353007396136,4.0,0.3136007250781165,0.03584098203875231,0,Alto,4,1,1,1,0
0.0,0.0,-0.7603828016833819,-0.11268891765057969,-0.40848262777072963,-0.43137049983901976,-1.309504209942415,0.4752851158582493,3.444,-0.509555273616546,0.03584098203875231,1,Baixo,2,0,1,1,0
0.0,1.0,0.1502704433658716,-0.019915616270903536,1.5754474495220525,1.4001168798299781,-0.37691712112543374,0.12794131056949803,3.625,0.26663386629373637,0.03584098203875231,0,Alto,4,1,1,1,0
0.0,0.0,1.3447636608980096,-1.2498159524054786,-0.08320014833276988,-0.5660349668154498,0.7399536439248426,1.0507353007396136,3.889,0.03921539217989567,0.03584098203875231,0,Alto,6,1,1,1,0
0.0,0.0,-1.5882493880917947,1.5918780362103,-0.15499673163213992,-0.09163021218358008,0.7399536439248426,-0.6782073718543953,3.0,-0.509555273616546,0.03584098203875231,1,Baixo,1,0,1,1,0
0.0,0.0,-1.9430493536953999,0.6603538016449232,0.5644343377554204,-0.42964220669211634,0.18151826139970448,-0.10275718697303088,3.556,0.3136007250781165,0.03584098203875231,1,Alto,1,1,1,1,0
0.0,0.0,-0.40558283607977663,-0.04865691558948565,-0.4729530291007762,-0.2204316766155402,0.18151826139970448,0.4752851158582493,3.556,-0.23516994071832517,0.03584098203875231,0,Alto,3,1,1,1,0
0.0,0.0,1.7350436230619757,-0.23780102503122932,-1.7872700743973977,-0.6723968985738886,0.7399536439248426,1.0507353007396136,3.667,-0.509555273616546,0.03584098203875231,0,Alto,6,1,0,1,0
0.0,0.0,1.3802436574583705,-0.8298799006780252,-0.7850483809939541,-0.5811268636786143,-0.19263344489213854,0.7630102082989321,3.944,0.452029361495237,0.03584098203875231,0,Alto,6,1,0,1,0
1.0,0.0,-0.7958627982437427,0.46300135785668817,0.25526945864997164,-0.4817221478601747,0.7399536439248426,-0.3904822794137125,3.267,-0.12640458353344486,0.03584098203875231,1,Baixo,2,0,1,1,0
0.0,1.0,0.3513237572079146,0.15995307911649706,-1.6099764707397706,-0.6078721911541611,0.7399536439248426,1.2140387315843255,3.905,-0.0794377247490647,0.03584098203875231,0,Alto,4,1,1,1,0
0.0,0.0,-1.2334494224881896,-0.9090455161968678,-0.4553701923744002,-0.4499570267257736,-1.6780715624090066,0.22644179266630882,3.5,-0.13629234327752485,0.03584098203875231,1,Baixo,2,0,1,1,0
0.0,0.0,-1.9075693571350403,2.214004449900061,1.7849762538447016,1.3267366714147746,-0.9353525036505725,-0.9659324642950768,3.166,0.1751720886609961,0.03584098203875231,1,Baixo,1,0,0,1,0
0.0,0.0,1.5221636436998127,-1.473189466459777,-1.0385342771325439,-0.6380779195722892,0.7399536439248426,-0.38789016146379673,3.2,-0.28955261931076537,0.03584098203875231,0,Baixo,6,0,0,1,0
0.0,0.0,0.5878570676103184,-0.5659431612612872,0.02083163563162219,-0.5381535626524728,0.7399536439248426,1.1933017879849972,3.889,-0.09921324423722475,0.03584098203875231,0,Alto,5,1,1,1,0
0.0,0.0,-0.12174286359689308,0.9910315946075597,-0.6473161599706733,0.05253412064863221,0.5556699676915469,0.04240141822226839,3.857,0.9216979493390384,0.03584098203875231,0,Alto,4,1,0,1,0
0.0,0.0,-1.7893027019338377,-0.9009571122596536,0.523407718727209,-0.26212270272011245,0.3658019376330003,0.6178516031036327,3.556,-0.3735985771354456,0.03584098203875231,1,Alto,1,1,0,1,0
0.0,0.0,-1.127009432807108,0.054383399811759756,0.10435011008190985,0.6569356750188585,0.18151826139970448,0.9055766955443155,3.905,0.21472312763731619,0.03584098203875231,1,Alto,2,1,1,1,0
1.0,0.0,-0.2636628498383343,0.6791709504898528,-0.4026216821952712,-0.49230913512211794,0.7399536439248426,0.6178516031036327,3.722,0.03921539217989567,0.03584098203875231,0,Alto,3,1,0,1,0
0.0,0.0,-0.7840361327236227,-0.7617178510353546,-0.6136157229117853,-0.29011892575429016,-0.9353525036505725,0.7630102082989321,3.889,0.3136007250781165,0.03584098203875231,1,Alto,2,1,1,1,0
0.0,0.0,-0.6066361499218196,-0.8610951604046637,0.1644248022303614,-0.44250719979146597,0.7399536439248426,0.9055766955443155,3.667,-0.3735985771354456,0.03584098203875231,0,Alto,3,1,1,1,0
0.0,1.0,-2.4634226365806886,-1.5911228685112355,-0.10078298505914593,-0.31840569680891667,0.5556699676915469,0.12794131056949803,3.167,-0.867986564339447,0.03584098203875231,1,Baixo,1,0,0,1,0
0.0,1.0,0.5168970744895968,-0.12276266805596468,-1.063443295828244,-0.48852334584153523,0.7399536439248426,0.9081688134942313,3.944,0.3136007250781165,0.03584098203875231,0,Alto,5,1,0,1,0
0.0,1.0,1.0845770194553659,-1.2007810180602507,-0.4099478641645946,-0.5756529006980284,0.7399536439248426,0.9055766955443155,3.556,-0.6479839100336664,0.03584098203875231,0,Alto,6,1,0,1,0
0.0,0.0,1.1318836815358466,-1.3737613333894714,0.16882051141195561,-0.5952534572689814,0.7399536439248426,0.18756002341756764,3.556,0.03921539217989567,0.03584098203875231,0,Alto,6,1,0,1,0
0.0,0.0,-0.28731618087857524,-1.2597989477546045,-0.556471503551063,0.23799082151542852,-0.7510688274172768,0.7215363211002751,3.944,0.49158040047155704,0.03584098203875231,0,Alto,3,1,0,1,0
0.0,0.0,-0.44106283264013746,0.8648666238825173,-0.796770272144871,-0.4340886051510267,0.5556699676915469,0.9677875263423009,4.0,0.3927028030307567,0.03584098203875231,0,Alto,3,1,0,1,0
0.0,0.0,-0.949609450005305,0.3754988534915895,-0.0568258932432054,-0.208115979221028,-0.002765414833591339,0.3301265106629511,3.222,-0.9223692429318873,0.03584098203875231,1,Baixo,2,0,1,1,0
0.0,0.0,-0.5829828188815798,-0.8376289297672018,-0.18137098672170357,-0.4591732786944839,-0.19263344489213854,0.7630102082989321,3.8,0.09359807077233584,0.03584098203875231,0,Alto,3,1,1,1,0
0.0,0.0,1.1082303504956057,-0.0729935689259085,1.2047426418742873,5.039010714454451,-3.1690940337511257,1.1933017879849972,3.889,-0.09921324423722475,0.03584098203875231,0,Alto,6,1,1,1,0
0.0,0.0,0.469590412409116,-1.3003415364381912,-0.2854027706860965,-0.5169183440553884,0.7399536439248426,0.6178516031036327,3.944,0.5879860579763374,0.03584098203875231,0,Alto,5,1,0,1,0
0.0,0.0,-1.2807560845686703,0.25519648001271555,-0.2912637162615549,-0.6152601885355933,0.5556699676915469,1.1933017879849972,3.944,0.03921539217989567,0.03584098203875231,1,Alto,2,1,1,1,0
0.0,0.0,-1.4226760708101125,0.012999592562151899,1.184229332360182,0.3800864000400792,0.18151826139970448,-0.533048766659096,2.722,-1.3327112723112087,0.03584098203875231,1,Baixo,1,0,1,1,0
0.0,0.0,0.4341104158487562,0.02690899364073199,-0.0480344748800178,1.031126149204507,-0.19263344489213854,0.7215363211002751,3.952,0.5088839800236972,0.03584098203875231,0,Alto,4,1,0,1,0
0.0,0.0,-2.699955946983092,2.6881489148859083,-0.09199156669595833,-0.29410841443972124,0.3658019376330003,0.9677875263423009,3.944,0.2542741666136363,0.03584098203875231,1,Alto,1,1,1,1,0
0.0,0.0,0.4459370813688761,0.8480486349147355,0.4208411711566811,-0.12850826507765975,0.5556699676915469,0.7630102082989321,4.0,0.5879860579763374,0.03584098203875231,0,Alto,5,1,1,1,0
0.0,0.0,0.9190037021736838,0.7583365660086953,-0.8553797278994583,-0.5808659493386024,0.7399536439248426,1.3384603931802963,4.0,0.03921539217989567,0.03584098203875231,0,Alto,5,1,1,1,0
0.0,0.0,0.03200378816467019,0.9754486955137979,0.5922738292388491,-0.3853298157110483,-1.309504209942415,1.3384603931802963,4.0,0.03921539217989567,0.03584098203875231,0,Alto,4,1,1,1,0
0.0,1.0,-1.0797027707266273,1.738305043680243,2.164472479855656,0.38466715748082814,-0.9353525036505725,0.04240141822226839,3.133,-0.867986564339447,0.03584098203875231,1,Baixo,2,0,1,1,0
1.0,0.0,-1.3753694087296318,0.230871698638361,-0.5095839389473933,-0.29246497655402354,0.18151826139970448,0.4752851158582493,3.81,0.3927028030307567,0.03584098203875231,1,Alto,1,1,1,1,0
0.0,0.0,-0.12174286359689308,-0.2761392850994584,-0.7791874354184949,-0.39335535570328983,-0.002765414833591339,-0.2660606178177428,3.714,0.8648433308105782,0.03584098203875231,0,Alto,4,1,0,1,0
0.0,0.0,0.4341104158487562,-0.8848974343881444,-1.0048338400736567,-0.5371263752836722,0.7399536439248426,1.0507353007396136,3.667,-0.509555273616546,0.03584098203875231,0,Alto,4,1,1,1,0
0.0,0.0,-1.2334494224881896,0.38669191753416887,-0.9491548571067986,-0.6134113109458306,0.3658019376330003,-0.10275718697303088,3.556,0.3136007250781165,0.03584098203875231,1,Alto,2,1,0,1,0
1.0,0.0,-2.3924626434599676,0.27519869165762495,-0.21800189656832067,-0.4395329610849325,-0.002765414833591339,-1.1084989515404604,3.333,0.7264146943934578,0.03584098203875231,1,Baixo,1,0,1,1,0
0.0,0.0,-0.736729470643142,2.047388582730064,-1.0194862040123036,-0.059766210764138364,0.5556699676915469,0.8200368031970847,3.667,-0.29202455924678533,0.03584098203875231,0,Alto,3,1,1,1,0
0.0,1.0,-0.6775961430425413,-1.0707130546492802,0.6069261931774959,-0.5330214925035152,0.7399536439248426,0.9081688134942313,3.944,0.3136007250781165,0.03584098203875231,0,Alto,3,1,1,1,0
0.0,0.0,-0.9023027879248241,1.0469506327216354,-0.03631258372910016,-0.4318644992333676,0.7399536439248426,-0.9659324642950768,3.167,0.1776440285970161,0.03584098203875231,1,Baixo,2,0,1,1,0
0.0,0.0,1.4038969884986103,0.5729365386311156,0.1981252392892493,-0.6575974850691032,0.3658019376330003,0.4752851158582493,3.667,0.03921539217989567,0.03584098203875231,0,Alto,6,1,1,1,0
0.0,1.0,-0.5829828188815798,1.456881908549963,0.02815781760094561,-0.4271751159635302,0.5556699676915469,1.0507353007396136,3.611,-0.6479839100336664,0.03584098203875231,0,Alto,3,1,1,1,0
0.0,0.0,-1.564596057051555,0.5894756176680277,2.401840775661734,2.567905810064781,-1.867939592467553,0.3301265106629511,3.444,-0.3735985771354456,0.03584098203875231,1,Baixo,1,0,0,1,0
0.0,0.0,-0.7249028051230221,1.0444492571869264,-0.11103963981619938,-0.11792066584252113,-0.19263344489213854,-0.2453236742184144,3.389,0.03921539217989567,0.03584098203875231,0,Baixo,3,0,1,1,0
0.0,0.0,0.5996837331304383,0.003661569523578679,-1.2085016988208475,-0.3720062064762672,0.5556699676915469,0.9081688134942313,3.722,-0.23516994071832517,0.03584098203875231,0,Alto,5,1,0,1,0
0.0,0.0,-1.4345027363302325,0.3067098482637698,-0.764535071479848,-0.015730888597693494,0.18151826139970448,-0.38789016146379673,3.222,-0.23516994071832517,0.03584098203875231,1,Baixo,1,0,0,1,0
0.0,1.0,-0.2754895153584553,0.40885442892653856,0.1600290930487672,-0.46191926584430565,0.5556699676915469,0.6178516031036327,3.611,-0.23516994071832517,0.03584098203875231,0,Alto,3,1,1,1,0
1.0,1.0,-0.09808953255665218,0.7493921656136844,0.2860394229211304,-0.36669494559999055,0.7399536439248426,0.32753439271303425,3.56,-0.08438160462110472,2.0667323138722096,0,Alto,4,1,0,0,0
0.0,0.0,-0.3937561705596567,0.586180941209478,0.6201133207222785,-0.3369507830731316,-0.41600759790219344,-0.709312787253388,3.3,0.26168998642169633,-0.18719772432489767,0,Baixo,3,0,0,0,0
0.0,0.0,0.5050704089694769,-2.1189180874138365,0.27431753177021273,-0.5181929017830107,0.7399536439248426,-1.020366941243315,2.6,-1.172035176469908,-0.40280180714309266,0,Baixo,5,0,0,0,0
0.0,0.0,-0.09808953255665218,-0.6263921403157746,-0.14474007687508647,-0.31793183699359706,0.7399536439248426,1.3384603931802963,4.0,0.03921539217989567,-2.1350690932341077,0,Alto,4,1,1,0,0
0.0,0.0,-0.15722286015725287,-0.5925383483009318,0.645022339417978,1.422852150191719,0.1647651999239503,-1.7202387877206502,3.2,0.9785525678674986,-0.40280180714309266,0,Baixo,3,0,1,0,0
0.0,1.0,1.3447636608980096,-1.2901128042865588,-1.1967798076699299,-0.5026838686883341,0.7399536439248426,-2.031292941710576,2.49,-1.7653007611147098,-1.4857786369310377,0,Baixo,6,0,0,0,0
0.0,0.0,0.9544836987340436,-0.6962412297088423,-1.179196970943554,-0.31651075163770725,0.5500856138662955,0.8200368031970847,4.0,0.5336033793838972,-0.40280180714309266,0,Alto,5,1,1,0,0
0.0,0.0,0.8362170435328422,-1.4961162262122587,-1.1030046784625904,-0.6444798993818781,0.7399536439248426,-0.061283299774373946,4.0,1.3740629576306997,0.2464886491599773,0,Alto,5,1,1,0,0
0.0,1.0,0.9426570332139236,-0.19504204387906163,-0.7264389252393667,-0.5026838686883341,-0.41600759790219344,1.3384603931802963,4.0,0.03921539217989567,-1.9194650104159126,0,Alto,5,1,1,0,0
1.0,0.0,-0.6066361499218196,-1.9138419535061197,0.5087553547885622,-0.09861624186527149,0.7399536439248426,-1.2536575567357595,3.2,0.5336033793838972,1.5450695617661172,0,Baixo,3,0,1,0,0
0.0,0.0,0.28036376408719393,-0.9752100218048425,-0.34987317201614226,-0.4649180467290155,0.7399536439248426,1.3384603931802963,3.4,-1.4439485694321088,0.46333183590241483,0,Baixo,4,0,0,0,0
0.0,0.0,-0.7485561361632619,-2.671487752800177,-0.9769943485902273,-0.5391811372738249,0.7399536439248426,1.3384603931802963,3.44,-1.3450709719913085,1.112622292205485,1,Baixo,2,0,0,0,0
0.0,0.0,1.5931236368205335,-0.7177814498940763,-0.3908997910443536,0.6594196282126018,0.1647651999239503,-0.009440940776052781,3.83,0.9043943697868982,0.46333183590241483,0,Alto,6,1,0,0,0
0.0,0.0,0.6469903952109191,-0.6962412297088423,1.4655547199822012,0.06367857845107781,-2.532477697672468,0.7941156236979248,3.41,-0.9001217835077071,-0.8364881806279677,0,Baixo,5,0,1,0,0
0.0,0.0,0.3276704261676747,-1.4282633875702235,0.5204772459394799,-0.4920565855133338,0.7399536439248426,-0.6574704282550667,3.49,0.6819197755450976,-1.4857786369310377,0,Baixo,4,0,0,0,0
0.0,0.0,-1.741996039853357,1.4840040630118507,-0.9110587108663165,-0.4776998019527548,0.7399536439248426,0.12016495671974955,2.55,-2.3832857451197116,1.9787559352509922,1,Baixo,1,0,0,0,0
0.0,0.0,-0.4765428292004983,-0.5992541704841451,1.0406361657614427,-0.44921112706752137,0.7399536439248426,1.3384603931802963,3.81,-0.4304531956639057,0.6789359187206099,0,Alto,3,1,1,0,0
0.0,0.0,0.67064372625116,-1.0529357330069362,-0.6531771055461325,-0.4286551024166456,0.7399536439248426,-1.1240516592399572,2.73,-0.7518053873465067,-1.053331367370405,0,Baixo,5,0,1,0,0
0.0,0.0,0.1857504399262324,0.20203542124889007,-0.5696586310958449,-0.4716773911413044,-0.03068718395984828,0.6126673672038012,3.06,-1.5922649655933092,0.2464886491599773,0,Baixo,4,0,0,0,0
0.0,0.0,-0.05078287047617141,1.096203531931666,-0.8451230731424056,0.06635471185295647,-1.9572892536715754,1.3384603931802963,4.0,0.03921539217989567,-0.40280180714309266,0,Alto,4,1,1,0,0
0.0,0.0,-1.4345027363302325,-0.739604481917712,-0.37624742710570674,0.2612681369848249,0.3546332299824975,-2.246438731553609,2.8,2.016767340995902,-1.053331367370405,1,Baixo,1,0,0,0,0
0.0,0.0,0.10296378128539081,-1.8699055523648416,-0.4656268471314528,-0.2786523760340097,-0.41600759790219344,-2.246438731553609,2.77,0.7313585742654979,-1.2689354501886,0,Baixo,4,0,1,0,0
0.0,0.0,0.020177122644549215,0.7819556309835461,-0.7322998708148252,-0.2639801977410456,-2.7279300815562664,1.2866180341819753,4.0,0.08865419090029582,-0.18719772432489767,0,Alto,4,1,1,0,0
1.0,0.0,0.8362170435328422,-1.640743381065488,-0.4524397195866701,-0.5936802152911885,0.7399536439248426,-0.9944457617441538,3.3,0.5336033793838972,1.3294654789479223,0,Baixo,5,0,0,0,0
1.0,1.0,0.6115103986505582,-0.7691548376217197,-1.0722347141914317,-0.511317359801728,0.3546332299824975,-2.246438731553609,3.07,1.5965375518725005,-1.4857786369310377,0,Baixo,5,0,1,0,0
0.0,1.0,-0.10991619807677211,-1.5311104393552846,-0.4758835018885054,-0.33885999716107335,0.7399536439248426,0.45714029020883773,2.6,-2.5810409400013126,2.0667323138722096,0,Baixo,4,0,0,0,0
0.0,0.0,-0.5001961602407382,-0.5139963170059189,-0.20188429623580964,-0.5350731611369732,0.5500856138662955,1.3384603931802963,3.82,-0.40573379630370565,0.8957791054630473,0,Alto,3,1,0,0,0
0.0,1.0,0.6351637296907992,0.6915984007486322,0.5981347748143082,-0.08683768247067741,0.7399536439248426,0.09424377722058955,3.46,-0.10910100398130478,0.6789359187206099,0,Baixo,5,0,1,0,0
0.0,0.0,-0.1808761911974938,-0.12782253110832822,0.35490553343277037,-0.6559878541261501,0.5500856138662955,-0.5797068897575857,3.04,-0.5046113937445059,-0.40280180714309266,0,Baixo,3,0,1,0,0
0.0,1.0,-0.7958627982437427,0.5085429389673554,0.7285408138682649,-0.5291787713667297,0.7399536439248426,-2.246438731553609,2.49,-1.1967545758301081,-2.1350690932341077,1,Baixo,2,0,1,0,0
0.0,0.0,0.9544836987340436,-1.395348178737168,-1.0971437328871312,-0.31414392129546664,0.1647651999239503,1.3384603931802963,4.0,0.03921539217989567,0.2464886491599773,0,Alto,5,1,0,0,0
0.0,0.0,0.17392377440611145,-2.7189813760954156,1.1138979854546769,-0.547673442163774,0.7399536439248426,-0.6574704282550667,3.59,0.9291137691470983,0.2464886491599773,0,Alto,4,1,0,0,0
0.0,0.0,-0.9732627810455459,-0.7105703161145164,0.4897072816683211,0.39325819551503216,-0.22055521401839548,-2.246438731553609,3.08,1.2257465614694993,-2.2515448621129024,1,Baixo,2,0,1,0,0
0.0,0.0,0.3394970916877946,-1.0529357330069362,1.4538328288312834,-0.49407763790057013,-0.03068718395984828,0.7422732646996035,3.25,-1.2461933745505083,-0.40280180714309266,0,Baixo,4,0,1,0,0
0.0,0.0,0.9071770366535628,-0.5925383483009318,0.5996000112081724,-0.5598144050035372,0.7399536439248426,-1.4869481722282043,2.61,-0.7023665886261066,0.8957791054630473,0,Baixo,5,0,1,0,0
0.0,0.0,0.05565711920491005,-1.855514434508763,-0.7733264898430364,-0.603133317197428,0.3546332299824975,-1.435105813229883,3.06,0.36056758386249665,-0.18719772432489767,0,Baixo,4,0,0,0,0
0.0,0.0,0.5168970744895968,-1.8699055523648416,-0.41287833695232384,-0.3664537703885024,-1.1866484257868843,-0.709312787253388,4.0,1.9920479416357018,2.0667323138722096,0,Alto,5,1,0,0,0
0.0,0.0,-1.7774760364137179,-1.0529357330069362,-1.4868966136551376,-0.1723975132822012,0.1647651999239503,-0.21681037676933745,3.6,0.5336033793838972,-0.40280180714309266,1,Alto,1,1,1,0,0
0.0,0.0,0.4104570848085153,-0.07790395278996343,-0.2326542605069675,-0.39945108139750624,-0.03068718395984828,-2.246438731553609,2.49,-0.3810143969435056,-0.40280180714309266,0,Baixo,4,0,0,0,0
0.0,0.0,-0.5001961602407382,0.35667460100339254,0.7915459788044464,2.333155993086781,-2.7279300815562664,0.8718791621954058,3.78,-0.059662205260904634,1.5450695617661172,0,Alto,3,1,1,0,0
0.0,0.0,0.9899636952944044,-0.9500886812218751,0.7519845961701,-0.46441802074139893,0.7399536439248426,-1.0722093002416362,2.49,-1.542826166872909,0.46333183590241483,0,Baixo,5,0,0,0,0
0.0,0.0,3.485390120039763,-1.239892557383703,-0.6326637960320265,-0.6157886697104632,0.7399536439248426,0.016480238723108376,3.6,0.31112878514209646,-1.053331367370405,0,Alto,6,1,0,0,0
0.0,0.0,0.20940377096647228,-1.6533834703381123,-1.010694785649115,-0.4576766327426195,0.1647651999239503,1.3384603931802963,4.0,0.03921539217989567,0.6789359187206099,0,Alto,4,1,0,0,0
0.0,0.0,0.7889103814523614,-0.539766813515561,1.1138979854546769,-0.60681839579951,0.7399536439248426,-0.19088919727017628,3.19,-0.5046113937445059,-0.40280180714309266,0,Baixo,5,0,1,0,0
0.0,0.0,-0.0034762083956906423,-0.689122744614077,-0.6355942688197557,-0.18162135169861554,-0.03068718395984828,-0.7352339667525479,3.36,0.4347257819430969,2.0667323138722096,0,Baixo,4,0,0,0,0
0.0,0.0,0.68247039177128,-0.5659431612612872,0.9043691811320269,-0.3992069904421777,-0.03068718395984828,-1.2536575567357595,3.38,0.9785525678674986,2.0667323138722096,0,Baixo,5,0,0,0,0
0.0,0.0,-0.35827617399929584,-1.4062476520823268,0.38714073409779326,-0.1865836268460494,0.7399536439248426,1.3384603931802963,3.56,-1.0484381796689075,0.029645462417539802,0,Alto,3,1,0,0,0
0.0,0.0,-0.42923616712001755,-0.3324892146557724,0.05306683629664591,-0.04429422039692239,-0.03068718395984828,0.7941156236979248,3.17,-1.493387368152509,0.8957791054630473,0,Baixo,3,0,1,0,0
0.0,0.0,-0.38192950503953677,-0.5925383483009318,-0.018729747002724118,-0.45393860932128566,-0.22055521401839548,1.3384603931802963,4.0,0.03921539217989567,0.029645462417539802,0,Alto,3,1,0,0,0
0.0,0.0,-0.523849491280979,-0.3439921237414935,0.8018026335614991,-0.41536406568234774,-0.8013280118445393,0.7163520852004424,3.38,-0.9001217835077071,-0.6196449938855302,0,Baixo,3,0,1,0,0
0.0,0.0,1.1673636780962076,-0.7916675573349131,-1.1748012617619596,-0.42323240969665166,0.5500856138662955,0.7941156236979248,3.18,-1.4686679687923088,-0.18719772432489767,0,Baixo,6,0,1,0,0
0.0,0.0,-1.2097960914479498,-0.8144893858207254,1.4230628645601255,0.8679062875871036,-0.41600759790219344,-2.246438731553609,2.67,2.758349321801904,0.8957791054630473,1,Baixo,2,0,1,0,0
0.0,1.0,-0.5120228257608581,1.8437225032193973,-1.1044699148564545,-0.3124883620831307,0.7399536439248426,-0.4760221717609433,2.94,-0.850682984787307,0.6789359187206099,0,Baixo,3,0,0,0,0
0.0,0.0,1.3092836643376498,-0.18977369167411892,-0.45390495598053515,0.28738569343383064,-0.41600759790219344,0.58674618770464,3.77,0.1875317883410961,-0.6196449938855302,0,Alto,6,1,0,0,0
0.0,1.0,0.9190037021736838,-0.7105703161145164,-1.1513574794601251,-0.17621824431925612,0.5500856138662955,0.58674618770464,3.79,0.23697058706149626,0.46333183590241483,0,Alto,5,1,0,0,0
0.0,1.0,-1.9075693571350403,0.9385102036029087,1.0025400195209606,-0.26467708485887953,0.7399536439248426,-2.246438731553609,3.0,2.6347523250009037,-1.053331367370405,1,Baixo,1,0,0,0,0
0.0,1.0,-0.07443620151641232,1.0692952165099663,-0.7000646701498022,2.1768462409769764,-1.1866484257868843,-2.246438731553609,2.76,1.5470987531521,-0.18719772432489767,0,Baixo,4,0,1,0,0
0.0,1.0,-0.29914284639869515,0.12114593751006127,2.089745423768557,0.2702564038630149,0.5500856138662955,-2.1608988392063795,3.53,2.2145225358775025,0.029645462417539802,0,Baixo,3,0,1,0,0
0.0,0.0,-1.0442227741662664,-1.3209897986041006,2.401840775661734,1.8291813458505433,-0.41600759790219344,0.2238496747163919,3.07,-1.1967545758301081,2.0667323138722096,1,Baixo,2,0,0,0,0
0.0,0.0,-2.0731426744167223,-2.0370215368589095,0.3959321524609817,-0.12475378503949285,0.7399536439248426,0.7422732646996035,2.78,-2.4080051444799118,1.5450695617661172,1,Baixo,1,0,0,0,0
0.0,0.0,1.5812969713004135,-0.6332464334479521,-0.745486998359607,-0.11352127557119736,0.5500856138662955,1.3384603931802963,4.0,0.03921539217989567,-0.40280180714309266,0,Alto,6,1,0,0,0
0.0,0.0,0.5405504055298377,-1.7049275610831198,-0.7352303436025543,-0.6176391611792411,0.7399536439248426,0.7941156236979248,4.0,0.5583227787440972,0.029645462417539802,0,Alto,5,1,0,0,0
1.0,0.0,-0.736729470643142,-0.015173348491661043,-0.3645255359547891,-0.3402927858663218,0.7399536439248426,-0.8389186847491903,3.56,1.0279913665878988,1.5450695617661172,0,Alto,3,1,0,0,0
0.0,0.0,0.8835237056133229,-1.9897530322379668,0.4003278616425759,-0.434335840096169,0.5500856138662955,1.3384603931802963,4.0,0.03921539217989567,-0.40280180714309266,0,Alto,5,1,0,0,0
0.0,0.0,-0.29914284639869515,-3.9449915860070175,0.9761657644313969,-0.5289227824817467,0.1647651999239503,0.8718791621954058,3.76,-0.10910100398130478,1.7619127485085546,0,Alto,3,1,0,0,0
0.0,0.0,0.469590412409116,0.48767868515288937,2.401840775661734,2.0826562324865523,-2.1471572837301225,-0.7352339667525479,2.49,-3.6934139112103157,0.2464886491599773,0,Baixo,5,0,0,0,0
0.0,0.0,-1.0205694431260266,-0.739604481917712,0.25087374946837826,-0.4966060626188537,0.5500856138662955,1.3384603931802963,4.0,0.03921539217989567,-1.4857786369310377,1,Alto,2,1,1,0,0
0.0,0.0,-0.5829828188815798,-0.30971949243273156,2.390118884510817,-0.0007170365064620295,-0.22055521401839548,-1.2536575567357595,3.75,1.8931703441949013,-1.053331367370405,0,Alto,3,1,0,0,0
0.0,0.0,-0.6775961430425413,-1.0266212457448929,1.4596937744067426,-0.06472721858089583,-1.5719688397292302,-2.238662377703861,2.49,-0.3562949975833055,0.2464886491599773,0,Baixo,3,0,0,0,0
1.0,1.0,-1.8484360295344395,-0.24866487892843062,2.177659607400438,1.136788796413883,0.1647651999239503,-2.246438731553609,2.98,2.6841911237213036,-0.18719772432489767,1,Baixo,1,0,1,0,0
0.0,0.0,-0.12174286359689308,-0.17928681948017286,0.20252094847084354,-0.22569419728240972,-0.03068718395984828,-0.5019433512601033,3.51,0.5830421781042974,0.6789359187206099,0,Baixo,4,0,1,0,0
0.0,1.0,-0.535676156801099,-0.8532362156025888,0.11607200123282667,-0.5541246680177024,0.7399536439248426,0.8200368031970847,3.22,-1.3945097707117085,-1.2689354501886,0,Baixo,3,0,1,0,0
0.0,0.0,-0.07443620151641232,0.23901957637125296,-0.3059160802002017,-0.10759334020680679,-0.41600759790219344,0.8459579826962459,3.6,-0.47989199438430585,-0.18719772432489767,0,Alto,4,1,0,0,0
0.0,0.0,0.31584376064755376,-1.0618006272420488,0.3431836422818527,-0.5800833561425709,0.7399536439248426,0.016480238723108376,3.54,0.16281238898089603,-1.7026218236734754,0,Baixo,4,0,1,0,0
0.0,1.0,-0.6184628154419406,-0.3210653639890127,1.5256294121306535,-0.0009279260304058738,-0.22055521401839548,0.6126673672038012,3.81,0.26168998642169633,0.6789359187206099,0,Alto,3,1,1,0,0
0.0,0.0,-0.06260953599629134,-1.1160064219568846,2.088280187374692,0.060793647123157886,0.5500856138662955,0.32753439271303425,3.38,-0.5293307931047061,-0.40280180714309266,0,Baixo,4,0,1,0,0
0.0,0.0,0.9071770366535628,-1.4505746451015915,-0.4363221192541591,-0.5907982946921002,0.7399536439248426,0.8200368031970847,4.0,0.5336033793838972,0.46333183590241483,0,Alto,5,1,0,0,0
0.0,0.0,-0.9614361155254258,-0.8298799006780252,0.5527124466045027,0.7066777379231978,0.3546332299824975,-0.21681037676933745,3.19,-0.47989199438430585,2.0667323138722096,1,Baixo,2,0,0,0,0
0.0,0.0,0.3040170951274338,-1.341897794144884,-0.5257015392799044,-0.3681424451830564,0.5500856138662955,0.7163520852004424,3.55,-0.47989199438430585,0.46333183590241483,0,Baixo,4,0,1,0,0
0.0,0.0,-1.0797027707266273,-0.7177814498940763,1.0494275841246312,-0.20584138871027532,-0.6058756279607407,0.7163520852004424,3.8,0.13809298962069597,0.6789359187206099,1,Alto,2,1,1,0,0
0.0,0.0,0.28036376408719393,-0.44512092297689815,0.13658531074693275,0.0980616592114155,-0.6058756279607407,-1.4869481722282043,3.4,1.2504659608296993,-1.053331367370405,0,Baixo,4,0,1,0,0
0.0,0.0,0.4932437434493569,-1.125215108830033,0.2611304042254309,-0.3679011418629171,0.3546332299824975,0.9755638801920482,3.28,-1.3945097707117085,2.0667323138722096,0,Baixo,5,0,0,0,0
0.0,1.0,-0.7249028051230221,-0.024671452789031368,0.3329269875248001,-0.2821574238626314,0.7399536439248426,-1.0722093002416362,2.49,-1.6169843649535094,-1.053331367370405,0,Baixo,3,0,0,0,0
1.0,0.0,-1.1624894293674688,-1.7581213399274418,-0.5007925205842049,-0.3054044761303653,-0.22055521401839548,-0.13904683827185513,3.21,-0.5046113937445059,-1.4857786369310377,1,Baixo,2,0,0,0,0
0.0,0.0,-2.5698626262617696,2.5442834634275657,1.7146449069391974,0.8594599168649885,-2.532477697672468,-1.3054999157340808,3.56,1.4729405550715,-0.40280180714309266,1,Alto,1,1,0,0,0
0.0,0.0,-1.6355560501722755,-0.7617178510353546,1.2076731146620163,-0.2756183095768505,0.7399536439248426,0.32753439271303425,3.49,-0.25741740014250525,1.9787559352509922,1,Baixo,1,0,0,0,0
0.0,0.0,-0.8786494568845843,0.13850550761605832,0.5673648105431496,-0.2224897139512625,-1.7618368697877766,-2.246438731553609,3.5,2.931385117323304,-0.6196449938855302,1,Baixo,2,0,0,0,0
0.0,0.0,0.8835237056133229,-1.4172190696666425,2.401840775661734,3.4839635008270187,-2.7279300815562664,-0.061283299774373946,3.5,0.13809298962069597,0.46333183590241483,0,Baixo,5,0,1,0,0
0.0,0.0,0.3868037537682754,0.41982584651085497,-0.1872319322971628,-0.3255234976440965,0.7399536439248426,-1.435105813229883,3.57,1.6212569512327004,-1.7026218236734754,0,Alto,4,1,1,0,0
0.0,0.0,-0.2754895153584553,-0.4328990757855221,1.9783874578348406,0.7566465479058142,-0.03068718395984828,-1.2536575567357595,3.6,1.5223793537919001,-1.053331367370405,0,Alto,3,1,0,0,0
0.0,0.0,0.03200378816467019,-0.7543139914478076,0.6655356489320833,-0.14268934459622623,0.3546332299824975,-0.24273155626849746,3.6,0.5583227787440972,-1.053331367370405,0,Alto,4,1,0,0,0
0.0,0.0,1.2501503367370481,-0.52040158015062,-1.061978059434379,-0.27002581384547164,0.3546332299824975,0.2238496747163919,2.6,-2.3585663457595114,-1.053331367370405,0,Baixo,6,0,0,0,0
0.0,1.0,0.06748378472502999,0.9197284927045979,1.897799456172283,0.00854598566583253,-0.8013280118445393,-1.8757658647156137,3.23,1.2010271621092992,-0.18719772432489767,0,Baixo,4,0,1,0,0
0.0,0.0,0.7061237228115198,-0.4886192785947228,0.924882490646133,-0.08487952833675129,-0.41600759790219344,-2.246438731553609,2.49,2.7830687211621044,0.029645462417539802,0,Baixo,5,0,0,0,0
0.0,0.0,-0.949609450005305,-1.3845197122369324,1.1270851129994588,-0.10124062622996112,-1.5719688397292302,-0.24273155626849746,3.8,1.0527107659480988,-1.053331367370405,1,Alto,2,1,0,0,0
0.0,0.0,0.10296378128539081,-1.813073906031029,-0.7000646701498022,0.22928300293521048,-0.22055521401839548,-0.03536212027521279,3.0,-1.1225963777495078,0.8957791054630473,0,Baixo,4,0,0,0,0
0.0,0.0,-1.2097960914479498,1.2178224794635721,2.401840775661734,1.667238587495499,-0.8013280118445393,-0.5537857102584245,3.03,-0.554050192464906,-2.1350690932341077,1,Baixo,2,0,0,0,0
0.0,1.0,-1.9075693571350403,-2.1022127836926394,1.0655451844571422,2.0274065233350242,-1.7618368697877766,-0.5278645307592644,2.49,-3.866449706731716,0.6789359187206099,1,Baixo,1,0,0,0,0
0.0,0.0,0.31584376064755376,0.31837420300345814,-0.15060102245054569,-0.08901506048298209,0.7399536439248426,-1.357342274732402,3.28,0.8302361717062982,-1.7026218236734754,0,Baixo,4,0,0,0,0
0.0,0.0,-2.0494893433764823,-0.12276266805596468,-0.02605592897204754,-0.45742727162896923,0.7399536439248426,1.3384603931802963,3.77,-0.5293307931047061,0.6789359187206099,1,Alto,1,1,1,0,0
0.0,0.0,-1.3990227397698716,0.017649004626215596,-0.4055521549830004,-0.35586313249351886,0.1647651999239503,-0.6056280692567456,3.4,0.4100063825828968,-1.053331367370405,1,Baixo,1,0,0,0,0
0.0,0.0,-0.2518361843182144,-0.8532362156025888,-0.8202140544467063,-0.4286551024166456,0.7399536439248426,-0.8129975052500303,3.05,-0.25741740014250525,1.112622292205485,0,Baixo,3,0,0,0,0
0.0,0.0,-0.6894228085626612,0.625292480532931,0.6406266302363838,-0.4338413926298057,0.5500856138662955,-1.2536575567357595,3.41,1.0527107659480988,0.2464886491599773,0,Baixo,3,0,0,0,0
0.0,0.0,-0.7130761396029022,-1.2901128042865588,0.49703346363764456,-0.4380470579130131,0.5500856138662955,0.09424377722058955,3.26,-0.6034889911853063,-0.40280180714309266,0,Baixo,3,0,0,0,0
0.0,0.0,-1.316236081129031,0.15140723134996903,0.627439502691602,0.2822582002252438,0.7399536439248426,0.19792849521723188,2.98,-1.3945097707117085,-0.40280180714309266,1,Baixo,2,0,0,0,0
0.0,0.0,0.043830453684790126,-1.0886825672763019,-0.5594019763387923,-0.31438051186467497,0.5500856138662955,-2.1090564802080585,3.13,1.1763077627490992,-1.053331367370405,0,Baixo,4,0,0,0,0
0.0,0.0,0.06748378472502999,-1.744662450771697,0.34757935146344693,-0.4168376510403814,0.1647651999239503,0.6645097262021223,3.39,-0.8259635854271069,0.46333183590241483,0,Baixo,4,0,0,0,0
1.0,1.0,0.8125637124926013,0.5393563312978424,2.2758304457893708,-0.4437474244344474,0.3546332299824975,-2.246438731553609,2.49,-0.3810143969435056,-1.053331367370405,0,Baixo,5,0,1,0,0
0.0,1.0,0.020177122644549215,-2.352905120531016,-0.2546328064149378,-0.25239156782264877,-0.9911960419030864,-0.34641627426513977,3.38,0.11337359026049589,-0.40280180714309266,0,Baixo,4,0,1,0,0
0.0,0.0,-0.38192950503953677,0.1684552139156169,0.9336739090093206,-0.26444476935472405,0.5500856138662955,-0.709312787253388,2.49,-1.7405813617545096,-0.8364881806279677,0,Baixo,3,0,0,0,0
0.0,0.0,-0.44106283264013746,-0.024671452789031368,0.9453958001602383,-0.15270477858109216,-0.03068718395984828,-0.03536212027521279,3.29,-0.40573379630370565,-1.9194650104159126,0,Baixo,3,0,1,0,0
1.0,0.0,-0.38192950503953677,-0.739604481917712,1.4655547199822012,-0.04600899972422947,0.1647651999239503,-0.5019433512601033,2.49,-1.9877753553565103,-1.053331367370405,0,Baixo,3,0,0,0,0
0.0,1.0,0.9663103642541645,-0.640129108827249,-0.20188429623580964,-0.2565578007767667,-0.41600759790219344,0.58674618770464,2.83,-2.1360917515177107,1.5450695617661172,0,Baixo,5,0,0,0,0
0.0,0.0,0.48141707792923694,0.27917041094074957,0.40765404361189933,-0.2122150316867406,0.5500856138662955,-1.5128693517273655,3.36,1.1763077627490992,-1.053331367370405,0,Baixo,5,0,1,0,0
0.0,0.0,-0.6184628154419406,-0.35557519311895774,1.795232908601755,-0.1489168435292068,0.7399536439248426,1.3384603931802963,4.0,0.03921539217989567,1.7619127485085546,0,Alto,3,1,1,0,0
0.0,1.0,0.043830453684790126,-0.24866487892843062,2.3974450664801408,2.2320595555238993,-1.5719688397292302,-2.246438731553609,2.49,-0.3315755982231054,0.029645462417539802,0,Baixo,4,0,1,0,0
0.0,0.0,1.3565903264181296,-0.1328978441481831,2.401840775661734,-0.12365050971544184,0.5500856138662955,-1.668396428722329,3.12,0.7313585742654979,-1.053331367370405,0,Baixo,6,0,1,0,0
1.0,0.0,-0.7485561361632619,-0.5925383483009318,0.6919099040216478,0.12859968144274533,-0.22055521401839548,-0.21681037676933745,3.69,0.7560779736256978,-0.18719772432489767,1,Alto,2,1,0,0,0
0.0,0.0,-0.7249028051230221,-0.640129108827249,0.32413556916161246,-0.34962431623656764,-0.41600759790219344,0.7941156236979248,4.0,0.5583227787440972,-1.053331367370405,0,Alto,3,1,0,0,0
1.0,0.0,-0.1690495256773728,-1.4505746451015915,1.4084105006214789,-0.26956029007818233,-0.6058756279607407,-0.709312787253388,2.6,-1.4686679687923088,-1.053331367370405,0,Baixo,3,0,0,0,0
0.0,0.0,-0.14539619463713294,-1.3630721407364936,0.7461236505946409,-0.466668860421331,0.7399536439248426,-0.39825863326346095,3.74,1.0527107659480988,1.7619127485085546,0,Alto,4,1,0,0,0
1.0,0.0,-0.1690495256773728,0.5359606943066221,0.6743270672952717,0.9914115101083697,-2.1471572837301225,-0.5019433512601033,2.87,-0.9989993809485074,-1.053331367370405,0,Baixo,3,0,0,0,0
0.0,0.0,-0.9023027879248241,-2.923814201252186,0.16295956583649723,-0.3650071670900502,0.3546332299824975,0.04240141822226839,3.51,0.06393479154009574,-1.9194650104159126,1,Baixo,2,0,0,0,0
0.0,0.0,1.1200570160157268,0.6915984007486322,0.3930016796732525,1.7722306059764605,0.5500856138662955,0.7941156236979248,3.5,-0.6776471892659064,2.0667323138722096,0,Baixo,6,0,1,0,0
0.0,0.0,-0.7130761396029022,-0.8769254108131401,-0.0172645106088591,-0.4784535397971266,-1.1866484257868843,0.6645097262021223,3.48,-0.6034889911853063,-0.8364881806279677,0,Baixo,3,0,0,0,0
0.0,0.0,0.9544836987340436,-0.12276266805596468,-1.2246192991533593,-0.45269373985417743,0.7399536439248426,0.6645097262021223,3.74,0.03921539217989567,-0.8364881806279677,0,Alto,5,1,0,0,0
0.0,0.0,0.6588170607310391,-0.9836688885551474,-0.6722251786663728,-0.42298617981700887,-3.3031185255571587,-0.11312565877269512,3.61,0.459445181303297,-0.18719772432489767,0,Alto,5,1,0,0,0
0.0,0.0,-0.7249028051230221,-0.7105703161145164,0.8149897611062817,-0.5391811372738249,0.7399536439248426,0.35345557221219537,3.81,0.5088839800236972,0.8957791054630473,0,Alto,3,1,0,0,0
0.0,0.0,-1.8484360295344395,-1.6789557244085993,0.49996393642537457,-0.303047266218807,-3.3031185255571587,-0.6833916077542268,2.49,-4.509154090096918,-0.40280180714309266,1,Baixo,1,0,1,0,0
0.0,0.0,0.008350457124429287,-0.6679483980224674,0.158563856654903,-0.12541596465586552,0.1647651999239503,1.3384603931802963,4.0,0.03921539217989567,-0.18719772432489767,0,Alto,4,1,0,0,0
